"1259709958928.txt";"TRANSCRIPTION: [breath] meine Beraterin war sehr sehr freundlich und zuvorkommend";0;;
"1259727719506.txt";"TRANSCRIPTION: weiter";0;;
"1259732881049.txt";"TRANSCRIPTION: die Dame mit der ich *gerade* gesprochen habe hat den Sachverhalt den ich ihr geschildert habe nicht begriffen wir bekommen eine Mahnung als Zentrale für hundert achtzig Kindertagesstätten die aber eigenständig für ihre Telefonrechnungen verantwortlich sind [breath] wir als Zentrale sind kein Kunde und die Dame am Telefon hat einfach nicht bereifen können [pause] dass [fragment] eine Mahnung auch dem Kunden zugestellt werden kann und dass in Ihrem System ein Fehler ist aber ich bin nicht dafür verantwortlich dass dieser Fehler [pause] behoben wird ich als Nichtkunde kann nicht Ihnen [fragment] @hes@ etwas zuschicken und sagen ändern Sie die Kundendaten von Meier Müller Schulze das muss Meier Müller Schulze selber machen [breath] und zum zweiten ist es eine Unverschämtheit das Gespräch einfach zu beenden indem man den Hörer auflegt so mein Name ist [nachn] ich bin zuständig in der Vereinigung [ort] Kindertagesstätten unter anderem";"d";4;"b"
"1259733241312.txt";"TRANSCRIPTION: ich bin noch nicht fertig mit dem Gespräch ich bin einfach abgeschnitten worden eine Unverschämtheit [pause] ich möchte mit dem Mitarbeiter noch mal sprechen";"b";;
"1259733961553.txt";"TRANSCRIPTION: [fragment] [noise]";0;;
"1259736001866.txt";"TRANSCRIPTION: sehr zufrieden";0;;
"1259736002088.txt";"TRANSCRIPTION: die Vermittlung mit T-Online klappte nicht";"c";;
"1259736363297.txt";"TRANSCRIPTION: ja ich hab' @hes@ jetzt @hes@ *ein* Störungsproblem gehabt mit dem [fragment] mit dem gegenüberliegendem also Gesprächpartner also *nicht* mit dieser Dame wo mit mir gesprochen hat von Telekom sondern mit dem Anschluss [tel] [breath] @hes@ Familie [nachn] [str] [hausnr] also laut Aussage @hes@ *ist* diese Person oder @hes@ diese Familie nicht mehr Telekom Kunde die Dame konnte mir dann auch entsprechend nicht weiter helfen in Folge *dessen* @hes@ *ist* *das* @hes@ bin ich eigentlich nicht weiter gekommen weil man mir auch *nicht* sagen kann welchen Anbiete die haben nicht okay danke";1;3;
"1259736363537.txt";"TRANSCRIPTION: weiter";0;;
"1259736603597.txt";"TRANSCRIPTION: [breath] ja mit diesem @hes@ Gespräch jetzt @hes@ war ich zufrieden ich hatte vorher @hes@ paar Minuten vorher ein Gespräch mit einem @hes@ jungen Mann aber der @hes@ dem war das wohl zu viel der hat aufgelegt deswegen hatte ich noch mal angerufen";"d";"b";
"1259736963809.txt";"TRANSCRIPTION: [breath] @hes@ sehr freundliche Aufnahme meines Wunsches";0;;
"1259736964051.txt";"TRANSCRIPTION: wie soll ich eine Beratung bewerten wenn Ihre blöde Telefonanlage anders kann man das nicht nennen einen während des Beratungsgesprächs rauswirft das hab' ich jetzt wiederholt es ist mir nicht möglich selbst bei einem Premium Anschluss irgendeinen kompetenten Berater an die Strippe zu kriegen und wenn doch dann macht Ihre Technik schlapp und die Verbindung bricht ab";"b";;
"1259737684164.txt";"TRANSCRIPTION: [breath] ja ich find also *eine* Unverschämtheit ich bin jetzt schon zehn Minuten hier in der Leitung [breath] dann werd' ich verbunden dann höre ich dass irgendwelche Schreibmaschinen oder Computer [fragment] @hes@ bewegt werden und es meldet sich keiner und dann [fragment] *besitzen Sie noch die Frechheit zu fragen ob man mit Ihrem Service zufrieden ist wir haben jetzt seit einem halben Jahr [breath] haben wir eine Störung in unserem öffentlichen Telefon im Bürgerhaus von [ort] [breath] und Ihr Unternehmen ist nicht in der Lage da irgendwie Abhilfe zu schaffen [breath] wenn ich jetzt heute nicht von Ihnen höre geb' ich die Sache an die Presse ich bin es jetzt langsam leid [pause] [noise] so jetzt können Sie weiter machen [noise]";"e";"a";3
"1259737804437.txt";"TRANSCRIPTION: weiter";0;;
"1259737804682.txt";"TRANSCRIPTION: weiter";0;;
"1259738044763.txt";"TRANSCRIPTION: ich rufe jetzt zum vierten Mal bei Ihnen an wegen *einer* Reparatur im Keller von dem Anschluss ich warte jetzt schon drei Tage auf *einen* Termin jeden Tag wird mir versprochen der Termin wird mir mitgeteilt jetzt ist der dritte Tag vergangen und ich hab' immer noch keinen Termin [breath] jetzt rufe ich an Sie sagen mir das dauert Sekunden und jetzt hab' ich schon fast sieben Minuten mit Ihnen geredet und hab' immer noch keinen Termin ich wart' immer noch auf den Termin";3;"d";
"1259738285060.txt";"TRANSCRIPTION: [noise] weiter";0;;
"1259738645328.txt";"TRANSCRIPTION: [vocal] äußerst zufrieden";0;;
"1259738645639.txt";"TRANSCRIPTION: ja ich hab' gestern schon mal im Service Center angerufen und heute Morgen wieder gestern ist mir gar nicht geholfen worden [pause] heute Morgen hat der Kollege versucht mir zu helfen er hat dann festgestellt dass er irgendwo was anderes anrufen muss oder jemand anderes anrufen muss dann hab' ich wieder die Pausen Musik gehört [breath] und irgendwann hab' ich dann *nichts* mehr gehört und dann kam die Bewertung und *das* find' ich relativ schlecht das hat mindestens jetzt zehn Minuten gedauert";"c";;
"1259739005705.txt";"TRANSCRIPTION: ja Herr [nachn] der Berater war sehr kompetent und hat mir geholfen [breath] und ich hoffe dass also seine Angaben so sind dass ich in Zukunft wenn die Installation hier von @hes@ DSL surf passiert ich alles [fragment] @hes@ selbst hier durchführen kann herzlichen Dank [noise]";1;;
"1259739607119.txt";"TRANSCRIPTION: ja ich @hes@ fand die  Beratung @hes@ wirklich @hes@ sehr gut sehr freundlich und @hes@ ich wünsche mir das ich @hes@ immer so eine Beratung bekomme was leider nicht immer der Fall war";0;;
"1259739967458.txt";"TRANSCRIPTION: absolut perfekt vor allen Dingen fand ich sehr sehr gut dass keine Auskünfte erteilt werden ohne @hes@ dieses Codewort also total perfekte Beratung weiter [garbage]";0;;
"1259739967917.txt";"TRANSCRIPTION: die Mitarbeiterin Frau [nachn] war sehr freundlich und kompetent @hes@ [vocal] die vier Tage zuvor mit täglichen Anrufen bei anderen Mitarbeitern und dem dort vorgefundenen Service sprich Problemlösung [breath] waren äußerst unzufrieden stellend aber noch mal Betonung der letzte Anrufe der Kollegin die das Problem schnell gelöst hatte [breath] @hes@ war sehr gut ja danke";"d";;
"1259740329114.txt";"TRANSCRIPTION: [breath] also ich war richtig begeistert über dieses unkomplizierte Gespräch und dass mir auch sofort [breath] geholfen werden konnte weiter";0;;
"1259740329399.txt";"TRANSCRIPTION: b ich bin noch nie so schlecht behandelt worden und man hat noch nie so versucht mit mir zu diskutieren wie es Ihre Frau [vorn] [nachn] getan hat ich habe selbst *einen* Außendienst das dürften wir uns nicht erlauben wir hätten keine Kunden mehr und wenn ich nicht den Anschluss bräuchte würde ich auf Grund dessen bei der Telekom kündigen [pause] Sie können mich gern dazu anrufen das mag ich gern erläutern oder schicken Sie mir Post und ich werde das ausfüllen und schriftlich erläutern was passiert ist danke";"d";;
"1259740689453.txt";"TRANSCRIPTION: [vocal] die Verbindung wurde kurzfristig hergestellt und @hes@ die @hes@ Antwort hat mich befriedigt beziehungsweise die Leistung geht völlig in Ordnung";0;;
"1259740689680.txt";"TRANSCRIPTION: also die Dame war sehr freundlich hat mich wirklich gut beraten und mir gut geholfen ich fühlte mich gut aufgehoben danke";0;;
"1259740689718.txt";"TRANSCRIPTION: die Beratung war sehr hervorragend @hes@ ich bin sehr zufrieden mit der ganzen Angelegenheit";0;;
"1259740929790.txt";"TRANSCRIPTION: weiter";0;;
"1259741050072.txt";"TRANSCRIPTION: [breath] ich bin also [pause] informiert worden über Internet Anschluss [breath] und bin mit dem Ergebnis sehr zufrieden";1;;
"1259741050326.txt";"TRANSCRIPTION: ich hab' mein Problem geschildert und in der nächsten Sekunde war ich schon in dieser schicken Abfrage wie zufrieden ich bin";"b";;
"1259741530379.txt";"TRANSCRIPTION: @hes@ [noise] weiter [breath]";0;;
"1259741650578.txt";"TRANSCRIPTION: ohne Ansprechpartner weiter";"a";;
"1259741650891.txt";"TRANSCRIPTION: soll ich jetzt sprechen ja *nicht* [breath] also ich hab' gerade mit dem Herrn [nachn] glaub' ich hieß er gesprochen [breath]und er hat mich sehr gut beraten ich hatte eine @hes@ eine Bitte und ich bin wirklich super  zufrieden mit diesem ich weiß nicht ((ob)) ich nehm' an von der Stimme her ein junger Mann ist also kann ich nur weiter empfehlen danke";0;;
"1259741770936.txt";"TRANSCRIPTION: also ich war mit dem Gespräch sehr zufrieden mein Anliegen wurde auch angenommen und kann nur weiter empfehlen @hes@ danke schön";0;;
"1259741771215.txt";"TRANSCRIPTION: [breath] die Dame war so nett zu mir die hat sich so viel Zeit genommen ich hatte das Gefühl sie war [breath] die erste die sich wirklich mal für unseren [breath] Sachverhalt der nicht @hes@ ganz ordnungsgemäß von der Telekom abgewickelt wurde Zeit zu nehmen und hat auch mal Emails geschickt sie war einfach nur @hes@ super nett und war sehr hilfsbereit in unserer Angelegenheit danke schön";0;;
"1259741891262.txt";"TRANSCRIPTION: ((kärglich)) ist aber genau so wie in den T_Com Läden die Wartezeit aber das muss man in Kauf nehmen [breath] @hes@ das Gespräch war sehr kompetent erfreulich";0;;
"1259741891498.txt";"TRANSCRIPTION: weiter";0;;
"1259741891575.txt";"TRANSCRIPTION: [breath] also das Gespräch war kurz und knapp hat mir Aufschluss gegeben [breath] nur @hes@ wie gesagt um das Problem wo *es* geht @hes@ das ist sehr missverständlich was die Rechnung betrifft aber Frau [vorn] [nachn] hat sich da sehr bemüht mir das zu erklären [breath] ich hoffe dass das auch so ist wie sie mir das gesagt hat [noise] weiter [vocal]";4;;
"1259742251654.txt";"TRANSCRIPTION: weiter [pause] [vocal] weiter [garbage] [vocal] ja mein Gott mein Gott mein Gott *ist* *das* ein Saft [fragment] ist *das* ein Saftladen du bis da mal was passiert weiter [noise] [vocal] [pause] ach ja";3;;
"1259742251863.txt";"TRANSCRIPTION: weiter";0;;
"1259742251918.txt";"TRANSCRIPTION: [vocal] das Gespräch hat nicht stattgefunden ich wurde nicht abgefragt";"a";;
"1259742251960.txt";"TRANSCRIPTION: die erste @hes@ Antwort auf die Frage @hes@ wie können Sie mir helfen war ich bin hier nicht zuständig ja und @hes@ das Gespräch wurde dann sofort beendet [noise]";"b";;
"1259742492040.txt";"TRANSCRIPTION: ich hab' mit Herrn [nachn] aus [ort] telefoniert und bin mit ihm sehr zufrieden gewesen";0;;
"1259742612308.txt";"TRANSCRIPTION: die Menüführung ist nicht zielführend und der Kundenberater erst nach Umwegen zu erreichen das ist ungeschickt";0;;
"1259742612536.txt";"TRANSCRIPTION: weiter bitte [pause] [noise]";0;;
"1259742732572.txt";"TRANSCRIPTION: weiter [noise]";0;;
"1259742732862.txt";"TRANSCRIPTION: [fragment] weiter";0;;
"1259742852917.txt";"TRANSCRIPTION: das [fragment] eben geführte Gespräch mit Ihrer Service Mitarbeiterin war sehr positiv danke schön weiter";0;;
"1259742853152.txt";"TRANSCRIPTION: also das Gespräch ist beendet worden bevor ich überhaupt mein Problem schildern konnte ich hab' nämlich auf einer Rechnung einen erhöhten Preis hier drauf und ich weiß nicht wofür es geht hier um die Rechnung vom fünften zehnten Kundenkonto [kundennr] weiter";"a";4;
"1259742973191.txt";"TRANSCRIPTION: das Gespräch was ich gerade hatte war gut und verständlich";0;;
"1259743213460.txt";"TRANSCRIPTION: weiter [noise] weiter";0;;
"1259743213684.txt";"TRANSCRIPTION: ich war sehr zufrieden mit der Beratung";0;;
"1259743333784.txt";"TRANSCRIPTION: [vocal] ja hallo also mit der der Operator war am Telefon äußerst unfreundlich hat @hes@ nicht alles bearbeitet was ich wollte das liegt aber auch glaub' ich nicht an ihm sondern an der scheiß Telekom er kann ja nichts dafür er könnt' ja wenigstens freundlich sein meine Anfrage ich ruf' jetzt zum dritten zum dritten Mal an wurde nicht bearbeitet läuft noch nicht ich bin schon seit vier Wochen ohne Internet umgezogen mein alter Anschluss ist immer noch nicht gesperrt [pause] einmal Telekomkunde nie wieder danke";"d";2;
"1259743334072.txt";"TRANSCRIPTION: ich *bin* *jetzt* ich bin seit *einer* Viertelstunde hier am Telefonieren von meinem Handy aus weil unsere Nummer *nicht* geht wir können weder angerufen werden noch *sonst* *was* ich werd' hier nur verbunden red' hier nur mit Apparate der Service *ist* so was von katastrophal ich bin stinkesauer ich möcht' jetzt endlich wissen warum unser Telefon nicht geht und ob mir irgendjemand hier helfen kann [fragment] irgendeiner dafür verantwortlich ist *ist* ja wohl der Hammer könnte ich jetzt mit jemandem sprechen dass sich das Problem löst und nicht immer nur mit Apparate [pause] das ist ja wohl der Hammer [vocal] da reagiert *keine* Sau";"a";3;
"1259743454164.txt";"TRANSCRIPTION: ja mich hat @hes@ eine Frau [nachn] @hes@ beraten [breath] und wie ich bereits jetzt schon mit der ersten Frage geantwortet habe ich war sehr oder äußerst zufrieden mit der Beratung einmal was die Kompetenz anbelangt von Frau [nachn] was die Höflichkeit anbelangt und auch die Freundlichkeit also es war ein richtig angenehmes Gespräch";0;;
"1259743574382.txt";"TRANSCRIPTION: ich hatte bisher schon sehr viele Gespräch mit *der* [fragment] T-Home war immer sehr sehr zufrieden hatte eine ausführliche Auskunft und die Berater waren alle sehr nett am Telefon";0;;
"1259743814646.txt";"TRANSCRIPTION: Ihre Kollegin war sehr freundlich zuvorkommen und @hes@ hat mir die richtigen Hinweise gegeben ganz vielen Dank dafür";0;;
"1259743814888.txt";"TRANSCRIPTION: ja ich hatte ein Problem mit dem Internet @hes@ es ist also sehr gut @hes@ reagiert worden vom allgemeinen Service @hes@ hier der Telekom dann die Weiterleitung zum @hes@ T-Online Team das hat also nahtlos geklappt sehr schön fand ich dass der Kollege schon Bescheid wusste worum *es* geht [vocal] und er hat mich dann perfekt durch die @hes@ ganze Prozedur geführt um hier die Speedbox also ich bin sehr sehr zufrieden";3;;
"1259743934931.txt";"TRANSCRIPTION: bin mit der Beratung so was von unzufrieden dass (()) sobald das ausläuft ich kündigen werde";"d";;
"1259743935180.txt";"TRANSCRIPTION: ich war mit dem Gespräch sehr zufrieden [pause] es hat mir gute ((Abschlüsse)) gegeben und ich werde bestimmt [pause] mich entscheiden für ein weiteres Zusammenarbeiten mit der Telekom";0;;
"1259743935244.txt";"TRANSCRIPTION: [breath] ich bin viermal verbunden worden und jeder sagte ich verbinde weiter da [fragment] und da hin und der letzte Mann sagte zu mir es  tut mir leid der Mann der Vorgänger hat sich geirrt ich kann da nichts machen weil ich keine Auftragsnummer hab'";"d";;
"1259743935281.txt";"TRANSCRIPTION: [trash]";0;;
"1259743935356.txt";"TRANSCRIPTION: [garbage] ja für mein Empfinden war die Kundenberaterin [breath] [vorn] [nachn] mit der ich *gerade* das Gespräch geführt hab' @hes@ sehr unfreundlich sehr @hes@ ungeduldig sehr kurz angebunden @hes@ und @hes@ also ich fand es sehr unangenehm ein solches Gespräch zu führen";"d";;
"1259744055401.txt";"TRANSCRIPTION: [fragment] [pause] weiter";0;;
"1259744055653.txt";"TRANSCRIPTION: gute Meinung";0;;
"1259744415689.txt";"TRANSCRIPTION: ja äußerst zufrieden";0;;
"1259744655895.txt";"TRANSCRIPTION: ich war mit dem Gespräch sehr zufrieden die Dame war sehr freundlich und kompetent @hes@ ich hab' nichts daran auszusetzen [breath]";0;;
"1259744656141.txt";"TRANSCRIPTION: die Mitarbeiterin war äußerst kompetent sehr höflich und freundlich";0;;
"1259744776181.txt";"TRANSCRIPTION: [vocal] es hat noch kein Gespräch stattgefunden somit auch keine Bewertung möglich ich warte immer noch";"a";;
"1259745016416.txt";"TRANSCRIPTION: Kundenberater [breath]";0;;
"1259745136650.txt";"TRANSCRIPTION: weiter";0;;
"1259745138142.txt";"TRANSCRIPTION: ja schönen guten Tag ich hatte *ein* Problem @hes@ mit einem bestellten Call_and_surf Paket [breath] das versuche ich schon seit zwei Tagen @hes@ bei Ihnen @hes@ zu bearbeiten es ist weder bei Ihnen im Hause möglich @hes@ irgendwas über die Auftrags @hes@ Speicherung oder wie auch immer zu erfahren @hes@ man kriegt irgendwann angeblich *eine* schriftliche Mitteilung [breath] nach zwei Tagen war @hes@ immer noch nicht mein Auftrag überhaupt übers Netz bei Ihnen eingegangen noch das was persönlich in der Hotline eingegeben wurde und @hes@ ja ich soll doch einfach abwarten und @hes@ *ja* also [vocal] mal insgesamt gesagt find ich die Telekom einen äußerst unfreundlichen Haufen um es mal so auszudrücken [breath] @hes@ weil ich versuch jetzt seit zwei Tagen in *der* Hotline mit verschiedenen Hotlines bei Ihnen im Haus zu telefonieren und jeweils [breath] @hes@ hat man das Gefühl man ist nicht Kunde sondern man @hes@ kann zufrieden sein die hohe Ehe zu haben in Ihrem Hause einen Anschluss beantragen zu dürfen das trifft es wohl am ehesten";1;"d";
"1259745258222.txt";"TRANSCRIPTION: Test weiter [noise] Test weiter [noise] [vocal] [noise] [breath]";0;;
"1259745258444.txt";"TRANSCRIPTION: [trash]";0;;
"1259745378491.txt";"TRANSCRIPTION: ich fühl' mich leider sehr schlecht beraten und es ist eigentlich eher [vocal] ich bin eher frustriert also *eine* ganz schlechte Beratung [vocal] ja danke";"d";;
"1259745378729.txt";"TRANSCRIPTION: [breath] weiter";0;;
"1259745618767.txt";"TRANSCRIPTION: die Auskunft war schnell die Verbindung war schnell und ausreichend deswegen bin ich zufrieden danke";0;;
"1259745739021.txt";"TRANSCRIPTION: weiter";0;;
"1259745739246.txt";"TRANSCRIPTION: weiter";0;;
"1259745739290.txt";"TRANSCRIPTION: [breath] ich habe zwanzig Minuten auf ein Gespräch gewartet und kein Gespräch bekommen und jetzt soll ich *eine* Bewertung abgeben das ist einfach scheiße mit diesen ganzen @hes@ Automaten ich möchte mit *einem* Mitarbeiter sprechen";"e";"a";
"1259745979405.txt";"TRANSCRIPTION: die Dame am Telefon ist sehr nett sehr freundlich leistet einen sehr guten Service und ist eine kompetente Beraterin bei Ihnen im Team sehr gut";0;;
"1259745979630.txt";"TRANSCRIPTION: hallo [pause] hallo die Beratung ist sehr gut danke [noise]";0;;
"1259745979669.txt";"TRANSCRIPTION: die Mitarbeiterin war sehr nett und hilfsbereit";0;;
"1259746099725.txt";"TRANSCRIPTION: die Auskunft war freundlich hilfsbereit nur meine *ich* dass die *technischen* Voraussetzungen für den Umzug von *einem* Anrufbeantworter könnte *vielleicht* besser sein dass der $A $B aktiviert bleibt während des Umzugs *das* wär* nett das wär *ein* guter *Dienst* Zusatzdienst von der Telekom danke";1;;
"1259746099958.txt";"TRANSCRIPTION: ich wurde mit dem Serviceberater nicht verbunden";"a";;
"1259746220014.txt";"TRANSCRIPTION: ja die Dame am Telefon die war sehr nett und freundlich ich bin umgezogen [breath] und dann gab es einige Probleme mit der Bank das wurde noch nicht umgebucht und sie hat mir sehr gut weiter geholfen und da ich mir den Arm gebrochen hab' und auch nicht schreiben konnte war ich froh dass ich es telefonisch erledigen konnte also Nummer eins an diese Dame";4;;
"1259746340250.txt";"TRANSCRIPTION: weiter";0;;
"1259746461618.txt";"TRANSCRIPTION: [breath] ja also ich bin deswegen sehr unzufrieden weil ich bereits mehrfach jetzt angerufen hab' ich hab' *eine* Anwaltskanzlei ich hab' @hes@ auf Grund des Umzuges jetzt [breath] einen Internet Anschluss der eigentlich schon funktionierte der funktioniert jetzt plötzlich nicht mehr wegen *irgendeiner* Umstellung mehrfach hab' ich schon angerufen hab' da irgendwelche Emails drin die ich brauch' @hes@ für meine Kanzlei und kann darauf *nicht* zugreifen ich bekomm' ständig gesagt dass zurückgerufen wird es passiert aber *nichts* [breath] und deswegen bin ich in der Tat unzufrieden";3;"d";
"1259746461848.txt";"TRANSCRIPTION: ich war mit der Leistung der Mitarbeiterin @hes@ war ich sehr zufrieden sie hat mich vor der Fehlleistung des Haustür Geschäfts Ihrer Mitarbeiter bewahrt [breath] bedanke mich dafür";0;;
"1259746821903.txt";"TRANSCRIPTION: [breath] der Kundenberater war sehr freundlich @hes@ ich @hes@ wollte eine Sache mit ihm klären *das* wollte er für mich jetzt erledigen [breath] ich hoffe es klappt aber [fragment] nach seinen Angaben wird *das* auch klappen und ich danke Ihnen Wiederhören";0;;
"1259746822200.txt";"TRANSCRIPTION: weiter";0;;
"1259746942248.txt";"TRANSCRIPTION: [breath] seit September zwei tausend neun versuche ich den Telefon Anschluss meines Sohnes zu regeln [breath] leider hat es bis heute noch nicht geklappt [breath] heute haben wir geregelt das in zehn Tagen der Restbetrag endlich abgebucht wird und wir wieder frei sind von Mahnungen es wäre schön wenn es [fragment] gleich klappen würde beim ersten Anruf";1;4;
"1259746942463.txt";"TRANSCRIPTION: [trash]";0;;
"1259747062513.txt";"TRANSCRIPTION: weiter [pause] weiter";0;;
"1259747062706.txt";"TRANSCRIPTION: [vocal] weiter [noise] [pause] weiter";0;;
"1259747062758.txt";"TRANSCRIPTION: weiter";0;;
"1259747182863.txt";"TRANSCRIPTION: ich habe heute das fünfte Mal angerufen in der selben Sache @hes@ weil mir [fragment] nach einer Vertragsumstellung vom zwanzigsten siebten [breath] null neun immer noch die T-Online DSL fünfzehn hundert MB von acht acht *und* fünfzig doppelt abgebucht wird zu dem Call_and_surf Paket für vier *und* dreißig *fünf* und neunzig [vocal] jetzt hat die Kollegin endlich versprochen nach einem halben Jahr dass die Gutschrift für diese Zeit @hes@ nachgeholt wird trotzdem haben vier Kollegen oder Kolleginnen vorher von Ihnen [breath] versagt indem ich jetzt nach *einem* halben Jahr immer noch reklamieren muss";1;4;
"1259747303142.txt";"TRANSCRIPTION: weiter [pause] ja sollte das jetzt aufgenommen werden sag' ich dass ich zufrieden war dass mich die [breath] @hes@ Kollegin sehr gut beraten hat beziehungsweise mit [fragment] bekommen hat was ich wollte [breath] und @hes@ @hes@ ist jetzt dann also abgeklärt und ich weiß was ich zu tun habe [pause] danke";0;;
"1259747423364.txt";"TRANSCRIPTION: [breath] ich war sehr zufrieden mit dieser Beratung [pause] weiter [vocal]";0;;
"1259747543598.txt";"TRANSCRIPTION: ich war sehr zufrieden mit dem Gespräch";0;;
"1259747543886.txt";"TRANSCRIPTION: [breath] ich hatte drei Frage und zwar zur Freischaltung des ((Scissorings)) die wurden sofort beantwortet ((sag)) ((ich)) und auch frei geschaltet [breath] dann hatte ich noch *eine* Frage zu den so genannten T-Online Messaging Diensten die ist auch geklärt worden und ganz zum Schluss war noch die dritte Frage wie ich mein T-Mobile mein Account einrichte ich war mir nicht klar sag' ich mal ob ich das also @hes@ mit meiner Internet Adresse aber auch die Fragen wurden beantwortet und ausreichend erklärt wunderbar alles";1;;
"1259747663924.txt";"TRANSCRIPTION: ";0;;
"1259747664165.txt";"TRANSCRIPTION: der junge Mann war sehr freundlich und sehr höflich und hat mir das alles sehr gut erklärt was ich wissen wollte";0;;
"1259747664219.txt";"TRANSCRIPTION: Frau [nachn] war sehr freundlich und hat sich sehr bemüht dass was ich schon seit Wochen jetzt hier habe diese [fragment] [fragment] ja alles was da nicht in Ordnung war @hes@ aufzuklären danke";3;;
"1259747664307.txt";"TRANSCRIPTION: [breath] ja ich muss sagen ich hab' schon einiges Male bei Ihrer Servicenummer angerufen und @hes@ es gibt da einfach nichts auszusetzen ich bin da immer sehr zuvorkommen @hes@ bedient worden [pause] weiter";0;;
"1259747664381.txt";"TRANSCRIPTION: [vocal] weiter";0;;
"1259747784427.txt";"TRANSCRIPTION: ich empfand den Kollegen als sehr höflich sehr freundlich sehr mitteilsam und warte jetzt dass ich weiter verbunden werde danke";0;;
"1259747784642.txt";"TRANSCRIPTION: ich bin immer noch in der Warteschleife und warte auf die Sachbearbeiterin aber so wie es aussieht hat die das Gespräch einfach beendet @hes@ wenn das so ist bitte ich um Rückruf";0;;
"1259747784684.txt";"TRANSCRIPTION: der junge Mann war sehr freundlich mit dem ich gesprochen habe hat sich sehr bemüht und ich bin wirklich äußerst zufrieden der Service war super";0;;
"1259747784742.txt";"TRANSCRIPTION: das Gespräch hatte zum Inhalt eine Mahnung die sich aber von selbst dann erledigt hatte so dass alles in bestem Einvernehmen @hes@ [fragment] erledigt werden konnte das ist also meine Meinung so soviel zu diesem Punkt";4;;
"1259747904779.txt";"TRANSCRIPTION: weiter";0;;
"1259748145055.txt";"TRANSCRIPTION: [fragment] [noise]";0;;
"1259748505322.txt";"TRANSCRIPTION: [breath] wenn Sie einen Service *gerade* nicht anbieten können weil aus technischem Defekt finde ich ist gebietet es die Höflichkeit dass Sie zurück rufen und nicht vom Kunden verlangen dass der sich wieder meldet";"d";;
"1259748625578.txt";"TRANSCRIPTION: ich bin sehr zufrieden [pause] weiter";0;;
"1259748745825.txt";"TRANSCRIPTION: sehr kompetent freundlich und entsprechend meines @hes@ [breath]";0;;
"1259748746016.txt";"TRANSCRIPTION: weiter [pause] weiter";0;;
"1259748866063.txt";"TRANSCRIPTION: (()) ((questions)) (()) ((nuber)) ((für)) ((die)) (()) eins [noise]";0;;
"1259748866302.txt";"TRANSCRIPTION: weiter";0;;
"1259749106338.txt";"TRANSCRIPTION: weiter [garbage]";0;;
"1259749106593.txt";"TRANSCRIPTION: [breath] da machen wir doch weiter";0;;
"1259749106625.txt";"TRANSCRIPTION: weiter";0;;
"1259749226668.txt";"TRANSCRIPTION: [breath] also die Kundenbetreuerinnen die sind sehr nett nur die ((einzelnen)) Gespräch bis man zu den richtigen @hes@ Personen verbunden wird die sind zu lange [pause] Ende";"e";;
"1259749226929.txt";"TRANSCRIPTION: [breath] weiter";0;;
"1259749346964.txt";"TRANSCRIPTION: weiter";0;;
"1259749347241.txt";"TRANSCRIPTION: [breath] ich hatte eine zweiteilige @hes@ ein zweiteiliges [fragment] @hes@ ein zweiteiliges Gespräch gehabt die erste Dame mit der ich sprach die mir unter anderem einen Tarif Wechsel angeboten hatte mir aber nicht @hes@ die Konsequenzen im einzelnen erklärt hatte war ich weniger zufrieden sie hatte mich dann an die technische Abteilung weiter gegeben weil (()) da ich eigentlich mein Primäres hätte gerne gelöst und wir auch auf diesen Tarif Wechsel zu sprechen kamen und dieser Herr hat mir eine äußerst positive und @hes@ verständliche Antwort gegeben";1;"d";
"1259749467279.txt";"TRANSCRIPTION: ich war ((jetzt)) sehr zufrieden";0;;
"1259749467505.txt";"TRANSCRIPTION: weiter [vocal] Spielerchen [vocal]";0;;
"1259749467547.txt";"TRANSCRIPTION: [breath] ich bin von der jungen Dame schnell und professionell beraten worden und habe mehr erreicht was ich eigentlich wollte ich bin voll zufrieden danke";0;;
"1259749467623.txt";"TRANSCRIPTION: [breath] ich sollte gestern wegen Umzug den Anschluss bekommen durch Ihren Service zwischen zwölf und achtzehn Uhr ich habe gewartet und niemand ist gekommen ich wurde auch nicht benachrichtig über die Handynummer die ich extra angegeben hatte heute Morgen tut sich auch *nichts* ich versuche schon zum viertem ((Mal)) die Telekom anzurufen jedes Mal legt irgendjemand auf und die letzte Person die ich am Telefon hatte war so frech zu mir dass sie sagte sie wollte mit dem Ton nicht mit mir reden wer kann mir jetzt weiter helfen wie kann ich den Service erreichen ich find' den Service grottenschlecht";1;"b";"d"
"1259749827757.txt";"TRANSCRIPTION: [breath] ja ich @hes@ war angeschlossen bei auf einen ISDN Anschluss und @hes@ ISDN Anschluss wird nicht mehr gebraucht weil das über meinen Sohn lief und mein Sohn ist verstorben da hab' ich einen Anschluss @hes@ beauftragt einen analogen Anschluss und nun muss ich erfahren dass ich ((eventuell)) neue Leitungen legen muss oder dass der Monteur kommt [breath] der da die Stunde [fragment] mit vierzig Euro und noch *einmal* Anfahrt fünf *und* vierzig Euro [vocal] und da ist mir diese ganze Geschichte etwas zu teuer denn ich nehm' an ich [fragment] konnte ja früher über ISDN auch telefonieren und hatte eine eigene Telefonnummer gehabt also müsste ja von dem ISDN Anschluss der bei uns unten im Keller ist ich kann also im Moment nicht da unten sein @hes@ @hes@ müsste ich normalerweise @hes@ nur telefonieren können nur praktisch auf einen andere";1;;
"1259750067976.txt";"TRANSCRIPTION: es war etwas schwierig zu der Beraterin zu kommen aber dann hat's gut funktioniert @hes@ weiter";0;;
"1259750188178.txt";"TRANSCRIPTION: sehr kompetente Antwort und sehr sehr freundlich vielen Dank";0;;
"1259750308428.txt";"TRANSCRIPTION: weiter [pause] weiter";0;;
"1259750428622.txt";"TRANSCRIPTION: äußerst zufrieden";0;;
"1259750428849.txt";"TRANSCRIPTION: sehr freundliche korrekte Auskunft [noise]";0;;
"1259750428893.txt";"TRANSCRIPTION: weiter [pause] weiter";0;;
"1259750428930.txt";"TRANSCRIPTION: [breath] ich war noch nie so zufrieden wie heute kann Ihnen aber leider die Dame nicht sagen die mit mir gesprochen hat";0;;
"1259750550098.txt";"TRANSCRIPTION: das Gespräch war nicht äußerst freundlich im Übrigen war es für @hes@ mich nicht @hes@ kundenorientiert ich muss sagen @hes@ ich fühle mich nicht @hes@ gut beraten";"d";;
"1259751030360.txt";"TRANSCRIPTION: [breath] weiter [pause] scheiß Laden weiter[pause] das geht mir so auf *den* Sack [fragment]";0;;
"1259751150595.txt";"TRANSCRIPTION: [vocal] weiter [noise]";0;;
"1259751390809.txt";"TRANSCRIPTION: [vocal] weiter [pause] weiter";0;;
"1259751391001.txt";"TRANSCRIPTION: ist da jemand [vocal]";0;;
"1259751512253.txt";"TRANSCRIPTION: [vocal] ich war mit dem Gespräch mit Frau [nachn] sehr zufrieden Frau [nachn] hat sehr gut zugehört Sie ging auf meine Einwände @hes@ in sehr angenehmer Weise ein ich möchte empfehlen @hes@ dass ich Coach bin also ich bin Profi und würde diese Frau sofort bei mir einstellen [vocal] [breath] @hes@ also ich [fragment] kann nur sagen klasse und das mein' ich ehrlich und @hes@ weiter so vielen Dank";0;;
"1259751632470.txt";"TRANSCRIPTION: [fragment] [noise]";0;;
"1259751752695.txt";"TRANSCRIPTION: weiter [noise] weiter das war ja jetzt alles in Ordnung";0;;
"1259751752930.txt";"TRANSCRIPTION: weiter [pause] weiter";0;;
"1259751872960.txt";"TRANSCRIPTION: [fragment] weiter";0;;
"1259751873191.txt";"TRANSCRIPTION: die Dame mit der ich gesprochen habe hat die Information die ich ihr mitgeteilt habe nicht erfasst und konnte auch auf Grund dessen mir keine @hes@ vernünftige Aussage machen";"d";;
"1259751993253.txt";"TRANSCRIPTION: weiter [noise] weiter [noise]";0;;
"1259751993456.txt";"TRANSCRIPTION: weiter";0;;
"1259752113532.txt";"TRANSCRIPTION: [breath] also ich habe eine Frage gestellt und die wurde mir sofort und kompetent beantwortet eine sehr freundliche Servicemitarbeiterin hat mich bedient und ich bin ganz ehrlich rundum zufrieden danke schön";0;;
"1259752113796.txt";"TRANSCRIPTION: ich bin *gerade* mit einem Kollegen @hes@ im Gespräch gewesen und dann wurde das durch diese Aktion hier unterbrochen ich möchte das bitte weiter führen das Gespräch und wissen wie es weiter geht [noise]";"b";;
"1259752115060.txt";"TRANSCRIPTION: [breath] das Gespräch mit Ihrem Mitarbeiter war wirklich @hes@ sehr nett da @hes@ bedank' ich mich auch für ansonsten @hes@ was @hes@ das Ganze betrifft bis ich an diesen Mitarbeiter [fragment] @hes@ komme [breath] macht mir einfach einen Hals @hes@ Ihre ständigen Vertröstungen und Warteschleifen die @hes@ die machen mich ärgerlich";"d";;
"1259752235171.txt";"TRANSCRIPTION: [breath] ja also @hes@ [vocal] [vocal] ja ich ((will)) *es* mal frei versuchen [breath] @hes@ ich hatte *eine* Anfrage wegen des Bauherrenbüros in [ort] konkret dem Herrn [nachn] den man nicht erreicht [breath] und @hes@ ich bin damit sehr unzufrieden denn die Kollegin hatte jetzt eigentlich darum gebeten dass ich warte weil sie versuchen wollte eben dieses Bauherrenbüro zu erreichen [breath] und wie ich jetzt feststelle wurde das Gespräch einfach aufgelegt oder unterbrochen [breath] @hes@ weniger schön aber [vocal] *wir* sind ja da bei der Sache wir werden's also weiter probieren";"d";"b";
"1259752235401.txt";"TRANSCRIPTION: [breath] die Dame war sehr zuvor [fragment] kommend hilfreich es war war sehr gut mit ihr ich bin sehr zufrieden";0;;
"1259752355435.txt";"TRANSCRIPTION: ich bin sehr zufrieden mit dem Kundendienst";0;;
"1259752355707.txt";"TRANSCRIPTION: mein Problem konnte zwar nicht gelöst werden aber die Lösungsansätze die gemacht wurden waren alle sehr kompetent [breath] der Mitarbeiter war sehr freundlich und ich muss sagen trotzdem mir nicht geholfen werden konnte sehr zufrieden";0;;
"1259752475749.txt";"TRANSCRIPTION: ja das war *ein* sehr kompetentes Gespräch und @hes@ der Kollege an der Hotline hat mir sehr weiter geholfen";0;;
"1259752475992.txt";"TRANSCRIPTION: [breath] die Beratung war in Ordnung auch die Verbindung ging sehr schnell ich bin zufrieden";0;;
"1259752476035.txt";"TRANSCRIPTION: mit der Beratung war ich sehr zufrieden";0;;
"1259752476096.txt";"TRANSCRIPTION: ja ich bin seit Jahren sehr zufrieden mit dem Service der Telekom [breath] bin auch schon seit unzähligen Jahren Kunde [breath] das einzigste was mich so stört ist die Erreichbarkeit dass man also sehr sehr lange in der Warteschleife ist die Mitarbeiter [breath] sind alle bis jetzt die ich am Telefon hatte super gewesen nur wie schon gesagt Sie warten manchmal zehn zwanzig Minuten um überhaupt einen Ansprechpartner zu bekommen dass ist das was ich *ein* bisschen an Kritik übe danke schön";0;;
"1259752596147.txt";"TRANSCRIPTION: freundliche und zuvorkommende Mitarbeiter wurde auf verschiedene Vorteile hingewiesen wurde auf meine Bedürfnisse eingegangen wenn *es* so bleibt dürfte die Telekom weiterhin Kunden zurück gewinnen";0;;
"1259752596405.txt";"TRANSCRIPTION: sehr höfliche Dame und ein sehr zufrieden stellendes Telefonat weiter";0;;
"1259752596450.txt";"TRANSCRIPTION: ja ich war sehr zufrieden [pause] Stimme freundlich klar und deutlich in der Aussage und meines Erachtens ehrlich [pause] danke schön";0;;
"1259752596511.txt";"TRANSCRIPTION: weiter [garbage]";0;;
"1259752716569.txt";"TRANSCRIPTION: ja das war *ein* richtig nettes Telefonat freundliche Mitarbeiterin klasse einfach muss man einfach mal so sagen";0;;
"1259752716780.txt";"TRANSCRIPTION: [breath] ja ich war sehr zufrieden mit der Information und der Beratung [garbage]";0;;
"1259752716842.txt";"TRANSCRIPTION: [breath] wenn ich fünfzehn Minuten in der Warteschleife häng' und dann einfach ein Besetztzeichen bekomm' [breath] dann @hes@ komm' ich mir auf den Arm genommen vor des weiteren ist seit gestern Morgen eine Störung des Telefon Anschlusses die bis jetzt noch nicht behoben ist und noch weiter andauern soll ich kriege keine genaue Zeitauskunft bis wann";"a";;
"1259752836885.txt";"TRANSCRIPTION: es wurde aufgelegt [vocal] *eine* Frechheit ich würde gern noch mal verbunden werden [vocal]";"b";;
"1259752838301.txt";"TRANSCRIPTION: ja also @hes@ der @hes@ Kundenberater war sehr freundlich und @hes@ es war sehr @hes@ informativ @hes@ [breath] @hes@ für die Fragen die ich da hatte es war eigentlich sehr gut wie immer danke";0;;
"1259753078340.txt";"TRANSCRIPTION: [noise] weiter";0;;
"1259753078581.txt";"TRANSCRIPTION: ja [fragment] die Beraterin war kompetent freundlich und @hes@ ja sehr hilfreich [vocal] und mit einer sympathischen Stimme das einzige was schöner gewesen wäre wenn die Verbindung etwas schneller hergestellt werden könnte danke";"e";;
"1259753078675.txt";"TRANSCRIPTION: ja ich hatte eben mit Ihrem Serviceberater dem Herrn [nachn] gesprochen und war mit dem Gespräch und die Auskünfte die ich von ihm erhalten hatte @hes@ sagen wir sehr zufrieden [breath] @hes@ ich bin @hes@ alle Unklarheiten sind *beseitigt* hat er und demzufolge @hes@ hat sich *das* Gespräch für mich positiv ausgewirkt ich bedanke mich";0;;
"1259753198715.txt";"TRANSCRIPTION: weiter";0;;
"1259753200180.txt";"TRANSCRIPTION: weiter";0;;
"1259753320212.txt";"TRANSCRIPTION: weiter";0;;
"1259753320413.txt";"TRANSCRIPTION: weiter [noise]";0;;
"1259753440446.txt";"TRANSCRIPTION: weiter";0;;
"1259753440707.txt";"TRANSCRIPTION: [breath] guten Tag der Service war sehr gut insgesamt aber diese Computerstimme am Anfang hat mich anderthalb Minuten gekostet und das muss echt nicht sein danke";"e";;
"1259753560759.txt";"TRANSCRIPTION: [breath] der Mitarbeiter war unfreundlich nicht hilfsbereit nicht bereit *eine* Lösung zu finden ist *eine* einzige Katastrophe es ist nicht das erreicht worden was ich wollte ich wollte einfach nur *eine* Kopie einer Rechnung zugeschickt bekommen und das war nicht möglich";"d";4;
"1259753561075.txt";"TRANSCRIPTION: ich liebe die Telekom [pause] ich bin immer äußerst zufrieden gewesen bisher in all meinen Belangen und bin deshalb auch weiterhin interessierter und aktiver Telekom Kunde obwohl Ihr etwas teurer seid als andere Anbieter [pause] aber dafür stimmt der Service vielen Dank [pause] Ende";0;;
"1259753681118.txt";"TRANSCRIPTION: [breath] die Beratung war in Ordnung und ich bin [fragment] damit zufrieden weiter";0;;
"1259753681418.txt";"TRANSCRIPTION: [breath] [vocal] Frau [nachn] hat mich *gerade* beraten in einer komplizierten Rechnung durch die Umstellung auf @hes@ Entertainment von [fragment] Comfort Plus da waren ein paar Probleme im Service und @hes@ ähnliche Dinge sie hat das gut gelöst und ich bin der Meinung kompetent Dinge die sie nicht entscheiden konnte weil sie nicht eindeutig waren hat sie dann zur Klärung weiter gegeben [breath] das machte *einen* guten Eindruck";1;;
"1259753681476.txt";"TRANSCRIPTION: [fragment] ich war mit der Auskunft zufrieden [breath] sie war zwar nicht [fragment] @hes@ für mich technisch gesehen nicht @hes@ [fragment] konnte mir nicht geholfen werden aber ich bekam *eine* Telefonnummer und wurde weiter [fragment] [fragment] oder kann jetzt weiter [fragment] mich weiter drum bemühen";0;;
"1259753681521.txt";"TRANSCRIPTION: [noise] zufrieden";0;;
"1259753682806.txt";"TRANSCRIPTION: also ich bin immer sehr zufrieden mit dem Telefon @hes@ also die Damen und Herren die einen da beraten also auf jeden Fall immer super hab' noch keine schlechten Erfahrungen gemacht";0;;
"1259753802849.txt";"TRANSCRIPTION: das Gespräch war angenehm kompakt @hes@ *informativ* und zufrieden stellend vielen Dank [noise]";0;;
"1259753923121.txt";"TRANSCRIPTION: weiter [noise] weiter";0;;
"1259753923368.txt";"TRANSCRIPTION: [vocal] da es bei mir um eine Kündigung geht finde ich es schade dass es nicht machbar ist dieses per Telefon direkt zu machen sondern (()) per Schriftverkehr [noise]";1;;
"1259753923450.txt";"TRANSCRIPTION: [vocal] ein sehr offenes lebendiges Gespräch sehr interessant es wurden verschiedene Optionen genannt [breath] es wurde ehrlich mit dem Kunden geredet das heißt @hes@ [fragment] etwas was sich nicht lohnt für den Kunden [breath] @hes@ wurde auch @hes@ dann explizit gesagt und es wurde einem nichts angedreht [breath] @hes@ ja und damit ((ja)) auch @hes@ eine gute Empfehlung ausgesprochen";0;;
"1259753923493.txt";"TRANSCRIPTION: (()) ((Netz))";0;;
"1259754164747.txt";"TRANSCRIPTION: [breath] es geht darum dass wir unseren Anschluss behalten möchte und nicht umstellen möchte auf Entertain Komfort [breath] ich habe das Ganze an einem Tag drei oder vier mal geändert hab' mit den Damen aus dem Bereich gesprochen Frau [nachn] Frau [nachn] Frau [nach] [breath] und nachdem dann heute der Postbote vor der Tür stand und uns den Receiver gebracht hat hab' ich mich noch mal rück [fragment] versichert bei der Frau [nachn] damit unser Anschluss nicht umgestellt wird und keine unnötigen [breath] @hes@ Probleme auf mich zukommen ich hoffe jetzt dass dieses Problem endlich gelöst ist [breath] und wir weiterhin so Kunde bleiben können wie es in unserem Vertrag steht ich danke für Ihr Verständnis [noise]";1;"d";
"1259754165041.txt";"TRANSCRIPTION: es ist katastrophal dass man @hes@ von Telekom eine Dienstleistung an [fragment] [fragment] an bekommt das ist @hes@ der Service ist unter aller Sau das muss ich also sagen ja die Leute Mitarbeiter können mir keine aktuelle Informationen geben wann das besagte @hes@ Entertain Premium freigeschaltet wird [breath] @hes@ ich werde schon seit drei Wochen  @hes@ vertröstet [breath] ja und @hes@ es ist unmöglich @hes@ was der Endverbraucher @hes@ dulden muss @hes@ wegen der Telekom nur weil die Leute nicht kompetent sind";"d";1;
"1259754165104.txt";"TRANSCRIPTION: weiter";0;;
"1259754285150.txt";"TRANSCRIPTION: weiter [noise] weiter";0;;
"1259754285188.txt";"TRANSCRIPTION: [breath] nette freundliche @hes@ Mitarbeiterin [breath] die sich auch für die Kunden Zeit lässt";0;;
"1259754405239.txt";"TRANSCRIPTION: [breath] ich finde das eine absolute Frechheit der der deutschen Telekom beziehungsweise von T-Mobile [breath] @hes@ mich einfach aus der Leitung zu werfen und das Gespräch zu beenden [breath] nur weil ich eine Reklamation habe und also so geht es nicht das ist kein Kundenservice";"b";;
"1259754405502.txt";"TRANSCRIPTION: [breath] der Mitarbeiter war sehr zuvorkommen und hat uns sofort geholfen vielen Dank";0;;
"1259754525542.txt";"TRANSCRIPTION: alles bestens sehr freundlich und das Ergebnis kann ich aber noch nicht beurteilen weil ich das heut Abend erst prüfen kann";0;;
"1259754525781.txt";"TRANSCRIPTION: weiter";0;;
"1259754765897.txt";"TRANSCRIPTION: [breath] meine Meinung zu dem Anruf ist das @hes@ speziell Herr [nachn] @hes@ aus Hamburg mich sehr intensiv mit meinem Anliegen auseinander gesetzt hat [breath] @hes@ und ich den Eindruck habe so hoffe ich wenn etwas problematisch werden sollte ich bei ihm @hes@ Rat bekomme und auch gut aufgehoben bin ich hoffe dass das so sein wird";0;;
"1259754766162.txt";"TRANSCRIPTION: ich bin ja noch gar nicht fertig deswegen bin ich unzufrieden ich möchte keine Bewertung abgeben [pause] ich möchte dass ich mit einem Menschen verbunden werde";"b";;
"1259755006226.txt";"TRANSCRIPTION: ((Herr)) [nachn] mein Name man wollte mich verbinden zu Entertain nun bin ich hier gelandet nicht sehr professionell";"c";;
"1259755006437.txt";"TRANSCRIPTION: ich bin [fragment] gerade in einem Gespräch mit einem Kundenberater gewesen werd' dann aus der Leitung geworfen und habe dann diesen Quatsch am Telefon ich werd' so langsam sauer";"b";;
"1259755006542.txt";"TRANSCRIPTION: [vocal] [breath] ich habe mit einer Beraterin Frau [nachn] gesprochen und ich muss sagen es war sehr effektiv und erfolgreich @hes@ sie hat mich umgehend @hes@ dahin @hes@ vermittelt beziehungsweise nicht vermittelt sondern hat mir auch umgehend gesagt was sie jetzt @hes@ tut damit ich da meine Rechte wieder @hes@ einnehmen kann bei Ihnen [vocal] und [vocal] sie ist eigentlich die erste Beraterin von @hes@ ich hatte sonst immer nur mit Vodafone zu tun von Telekom jetzt dass ich sagen muss dann bleib' ich lieber bei Telekom da krieg' ich wenigstens zuverlässige Auskünfte und ich war sehr zufrieden";0;;
"1259755246597.txt";"TRANSCRIPTION: ja ich bin nicht fertig geworden mit meinem Gespräch mit Ihrer Kollegin [pause] entweder nehmen Sie das neu auf oder oder wir führen das fort das weiß ich nicht wie wir da verfahren können";"b";;
"1259755246813.txt";"TRANSCRIPTION: [breath] ich habe *gerade* mit [fragment] einer Technikerin telefoniert @hes@ auf der hier mit der Telekom und wurde aus der Leitung raus geschmissen das [fragment] ist ja *ein* Skandal es geht um meine Telefon Rechnung und nicht irgend was anderes ich bin total enttäuscht und muss mir da irgendwas ausdenken";"b";4;
"1259755368034.txt";"TRANSCRIPTION: also die Mitarbeiterin war sehr freundlich hat mir auch @hes@ in der Sache geholfen und es war alles @hes@ okay ich bin sehr zufrieden mit dem Service danke";0;;
"1259755608319.txt";"TRANSCRIPTION: [breath] also ich war mit der Beratung Ihres Mitarbeiters sehr zufrieden [breath] *jetzt* hoffe ich nur dass die Störungs Behebung auch so schnell geht [breath] und schade dass es halt dann im ((Ausschalten)) der Leitung [breath] zu diesem Fehler gekommen ist bei Ihnen [breath]aber mit der Beratung war ich äußerst zufrieden weiter";3;;
"1259755728544.txt";"TRANSCRIPTION: der Kontakt eben war äußerst nett und auch  sehr informativ das einzige was ich bemängeln muss ist dass die Wartezeiten in der Warteschleife viel zu lang sind weil ich habe über dreizehn Minuten in der Warteschleife gehangen [breath] und das find' ich effektiv zu lang";"e";;
"1259755848742.txt";"TRANSCRIPTION: weiter [noise]";0;;
"1259755848934.txt";"TRANSCRIPTION: also ich war zufrieden mit dem ganzen Gespräch und alles da kann ich sagen war ich zufrieden";0;;
"1259755848987.txt";"TRANSCRIPTION: sehr freundlicher Mitarbeiter der Herr [nachn] und hat mir sehr weiter geholfen [pause] weiter [pause] [noise]";0;;
"1259756089031.txt";"TRANSCRIPTION: weiter";0;;
"1259756209237.txt";"TRANSCRIPTION: ich bin einfach auf die @hes@ Bewertungsfrage ohne sozusagen einen Ansprechpartner zur Verfügung gestellt zu bekommen zu haben direkt @hes@ am Ende der Warteschlange hier ran gekommen [breath] dementsprechend ist es *eine* Katastrophe genau wie der sonstige Service der Telekom auch [breath] weil ich warte ja schon fünf Monate auf mein Entertain Anschluss";"a";1;
"1259756209437.txt";"TRANSCRIPTION:  ich wurde gerade durch die Mitarbeiter Ihrer Service Firma aus der Leitung geworfen und es sprang sofort die Bewertung dieses Gesprächs an ich konnte mein Problem also nicht lösen";"b";;
"1259756209474.txt";"TRANSCRIPTION: machen Sie mal weiter";0;;
"1259756209512.txt";"TRANSCRIPTION: weiter";0;;
"1259756329546.txt";"TRANSCRIPTION: weiter";0;;
"1259756329731.txt";"TRANSCRIPTION: sehr hilfsbereit und kompetent vielen Dank";0;;
"1259756449771.txt";"TRANSCRIPTION: [breath] das Gespräch war nicht beendet sie *haben* sich da einfach irgendwie drauf geschalten und wollten die Umfrage machen das find' ich jetzt sehr bedauerlich [noise]";"b";;
"1259756449974.txt";"TRANSCRIPTION: weiter [pause] weiter";0;;
"1259756570042.txt";"TRANSCRIPTION: [breath] ((Ihr)) Mitarbeiter war unverschämt und unkompetent [pause] und geht nicht auf Leute ein der [vocal] wenn sich jemand @hes@ schwer verletzt hat und nicht hoch laufen kann in den zweiten Stock und um seine Akten einzusehen also da wird einfach gesagt tut uns leid rufen Sie in fünf Wochen noch mal an wenn Sie wieder laufen können das ist kein Service das ist einfach eine Sauerei";"d";;
"1259756570269.txt";"TRANSCRIPTION: äußerst *zufrieden* [pause] weiter";0;;
"1259756690310.txt";"TRANSCRIPTION: [breath] also ich fand die Dame die mich beraten hat freundlich kompetent geduldig und war wirklich zufrieden";0;;
"1259756810561.txt";"TRANSCRIPTION: [breath] weiter [pause]  der Arschloch hat aufgelegt [pause] er sagt keine Retour hat aufgelegt es lag keine Retour Schein dabei [pause] er sagt nein ((er)) (()) Paket jeder Paket *ein* Retour Schein ist das normal [noise]";"b";1;"d"
"1259756810768.txt";"TRANSCRIPTION: die Mitarbeiter sind sehr freundlich [pause] [breath] und ich kann also nicht nicht meckern ich muss also sagen bin eigentlich ((ganz)) ((bisschen)) überrascht dass es so *gut* ist";0;;
"1259756930818.txt";"TRANSCRIPTION: weiter [pause] (()) (()) ((Scheiß)) [breath]";0;;
"1259756931022.txt";"TRANSCRIPTION: Ihr Mitarbeiter der mich *gerade* beraten hat der war äußerst fähig und sehr nett dazu und ich möchte mich bedanken dass das alles so gut geklappt hat danke schön";0;;
"1259757171070.txt";"TRANSCRIPTION: [breath] ich habe gesprochen mit Herrn [nachn] es ging um eine fehlende Rechnung und Herr [nachn] war sehr zuvorkommend sehr freundlich und hat @hes@ zugesagt *eine* Kopie sofort an uns heraus zu schicken";4;;
"1259757291293.txt";"TRANSCRIPTION: weiter [breath]";0;;
"1259757291483.txt";"TRANSCRIPTION: weiter";0;;
"1259757411554.txt";"TRANSCRIPTION: [breath] das Gespräch mit Ihrem Berater war sehr konstruktiv war sehr kundenfreundlich angenehm und auch ganz in meinem Interesse also unterm Strich darf ich noch mal wiederholen @hes@ sehr gut [fragment] äußerst gut [pause] haben Sie das aufgenommen ja";0;;
"1259757531749.txt";"TRANSCRIPTION: ich war mit @hes@ der Auskunft und @hes@ mit der Beratung sehr zufrieden";0;;
"1259757771960.txt";"TRANSCRIPTION: weiter";0;;
"1259757772160.txt";"TRANSCRIPTION: die Dame war sehr freundlich und kompetent bin rund rum zufrieden danke schön";0;;
"1259757772197.txt";"TRANSCRIPTION: ja der Service war sehr gut war sehr freundlich bin ich zufrieden";0;;
"1259757892266.txt";"TRANSCRIPTION: ja mein Name ist [nachn] @hes@ ich wollt' die Bewertung abgeben also ich war @hes@ äußerst zufrieden war wirklich sehr gut ich hab' das auch schon anders erlebt aber @hes@ diesmal wurde mir sehr gut geholfen der @hes@ Servicemitarbeiter war kompetent und @hes@ der Anschlusstermin wurde sogar von dem siebten auf den fünften vorgezogen also alles in allem super";"d";1;
"1259758012472.txt";"TRANSCRIPTION: ich habe mein Gespräch hier nicht beendet sondern die Kollegin hat aufgelegt [garbage]";"b";;
"1259758012692.txt";"TRANSCRIPTION: [vocal] *also* *was* mir missfällt dass man immer in diese Serviceschleife kommt @hes@ und nicht direkt gleich irgendwo durchgestellt wird dauert Ewigkeiten bis man irgendwo am Operator *dran* ist mit dem man irgendwo sprechen kann [vocal] und @hes@ ja *das* ist also *das* *was* mir absolut missfällt weiter";"e";;
"1259758012760.txt";"TRANSCRIPTION: [vocal] einfach weiter [noise]";0;;
"1259758132830.txt";"TRANSCRIPTION: also ich war mit der Beratung von der Frau [nachn] sehr sehr zufrieden eine der wenig guten Serviceberaterinnen die Sie haben also die Frau ist echt gut danke [pause] weiter";"d";;
"1259758373034.txt";"TRANSCRIPTION: [breath] ich bin äußerst zufrieden mehr kann ich nicht sagen sehr sehr zufrieden";0;;
"1259758493234.txt";"TRANSCRIPTION: [fragment] war ich zufrieden [vocal] es wurde auf meine Wünsche eingegangen es war ein angenehmes Gespräch [pause] weiter";0;;
"1259758493438.txt";"TRANSCRIPTION: diese Service Person braucht überhaupt nicht gleich aufzulegen bloß weil man mit ihnen was redet danke schön ich bin stinksauer [garbage]";"b";"d";
"1259758493473.txt";"TRANSCRIPTION: weiter";0;;
"1259758493526.txt";"TRANSCRIPTION: [breath] ja ich hatte mit jemand gesprochen er hat mich weiter geleitet [breath] aber ansonsten war ich zufrieden mit der Auskunft die kam [pause] weiter [pause] ach [fragment]";0;;
"1259758493601.txt";"TRANSCRIPTION: ich habe mit zwei Beratern gesprochen beide waren äußerst freundlich äußerst kompetent [breath] und hilfsbereit und haben mich wirklich weiter gebracht haben mir erklärt [breath] mich auf *einen* neuen Tarif umgestellt ich bin wirklich zufrieden ich wollte andere Anbieter hätten einen ähnlichen Kundenservice wie Sie";1;;
"1259758613638.txt";"TRANSCRIPTION: weiter weiter";0;;
"1259758613884.txt";"TRANSCRIPTION: [noise] ich war in *der* Warteschleife haben keinen gesprochen und dann sollt' ich das Gespräch bewerten das fällt mir etwas schwer";"a";;
"1259758613922.txt";"TRANSCRIPTION: [breath] weiter [breath]";0;;
"1259758613996.txt";"TRANSCRIPTION: ja ich denke der @hes@ [fragment] @hes@ ((Part)) Ihres Hauses [breath] war korrekt und hat @hes@ sich auch Mühe gegeben und @hes@ man kann durchaus zufrieden sein *nicht* also das ist auch sehr löblich also wenn Menschen die da ja auch unter Stress stehen [breath] @hes@ auch zuhören und @hes@ sich dann um die richtigen Lösungen bemühen Ende";0;;
"1259758614080.txt";"TRANSCRIPTION: so als erstes kriegt man von Euch *Zeug* angeboten das Ihr nicht einhalten könnt dann hat man Beratergespräche wo man plötzlich mit Service unterbrochen wir und das finde ich eine Frechheit eine Unverschämtheit [pause] da ich ein sehr *guter* Kunde bin und das schon seit fünf *und* zwanzig Jahren ja aber was da im Moment da los ist das kann *nicht* *sein*";"d";"b";
"1259758614131.txt";"TRANSCRIPTION: [breath] ja ich war mit der Beratung sehr zufrieden und hat mir sehr *gut* weiter geholfen weiter";0;;
"1259758734178.txt";"TRANSCRIPTION: äußerst zufrieden [noise]";0;;
"1259758734255.txt";"TRANSCRIPTION: [breath] ich bin dreimal weiter vermittelt worden um dann anschließend in der Warteschlange zu hängen und dann abgebrochen zu werden mit der Benachrichtigung [breath] alle Plätze wären zur Zeit belegt ich möchte doch noch mal anrufen [breath] wenn Sie Produkte vertreiben von denen Ihre Leute die da irgendwo sitzen mit denen ich mich abgeben muss absolut keine Ahnung haben dann passt hier irgendwas nicht so und jetzt weiter [noise]";"a";;
"1259758734309.txt";"TRANSCRIPTION: also Service ich bin selbst vom Service von der Telekom ich hatte *erst* die @hes@ dreizehn null null dran dann wurde ich zur Störungsannahme verbunden [breath] keiner hat mein Problem erkannt und jetzt wurde ich zur Abfrage daher sehr unzufrieden";"c";;
"1259758854347.txt";"TRANSCRIPTION: sehr zufrieden";0;;
"1259758854588.txt";"TRANSCRIPTION: [breath] Ihre Telefonleute sind erstens [fragment] @hes@ unfreundlich und zweitens [fragment] mit einem Anliegen bei Ihnen anzurufen ist @hes@ kann man sich auch sparen weil es wird überhaupt nicht gelöst";"d";;
"1259758854623.txt";"TRANSCRIPTION: [noise] [fragment] weiter";0;;
"1259758974680.txt";"TRANSCRIPTION: weiter";0;;
"1259759094915.txt";"TRANSCRIPTION: [vocal] ich hatte leider nicht die Möglichkeit mein Problem überhaupt darzulegen [breath] weil die Kollegin @hes@ so frech war und hat mich weg gedrückt einfach am Apparat [breath] ich hatte leider zwar meine Kundennummer nicht dabei hätte aber über andere Daten *ein* Problem klären können und die Kollegin war nicht bereit mir ihren Namen noch mal zu nennen sie hat mich einfach weggedrückt danke Telekom";"d";"b";
"1259759095135.txt";"TRANSCRIPTION: [breath] ja ich fand den Einstieg @hes@ etwas dumm weil @hes@ die Automatik @hes@ den besonderen Wunsch Sim unlock für iPhone nicht verstand das dauerte und war etwas ärgerlich und ((ansonsten)) hat das insgesamt etwas gedauert aber die Dame war freundlich und ich war deshalb auch nicht unzufrieden das war's schon";;1;
"1259759095189.txt";"TRANSCRIPTION: [fragment] weiter";0;;
"1259759095222.txt";"TRANSCRIPTION: [fragment]";0;;
"1259759215272.txt";"TRANSCRIPTION: ich war mit dem Telefonat sehr zufrieden was ich vor allen Dingen sehr gut fand dass ich nicht ewig in der Warteschleife gehangen habe sondern dass ich relativ direkt durchgestellt wurde [breath] @hes@ die Programmführung vorher war sehr exakt und präzise und sehr verständlich [pause] in alles in allem war ich sehr zufrieden";0;;
"1259759215498.txt";"TRANSCRIPTION: [breath] die Kundenberatung war klasse";0;;
"1259759455544.txt";"TRANSCRIPTION: ich könnt' mich tierisch aufregen die Frau hat mich einfach weg gedrückt die war sehr unfreundlich zu mir [breath] und sie hat mich überhaupt nicht meinen Fall nicht richtig bearbeitet ich möchte wissen wo so was inkompetentes überhaupt gibt ";"b";"d";
"1259759577034.txt";"TRANSCRIPTION: weiter";0;;
"1259759577297.txt";"TRANSCRIPTION: [breath] ja hallo hier ist [vorn] [nachn] ich hatte ein sehr angenehmes und informatives Gespräch mit dem Herrn [nachn] [breath] und @hes@ hatte auch *eine* Viertelstunde vorher *ein* Gespräch auf das ich mich auf das wir uns beziehen konnten *nicht* ich bin mit dem Service alles in allem sehr zufrieden";0;;
"1259759577341.txt";"TRANSCRIPTION: [breath] ja nun ich hatte ich hatte überhaupt kein Gespräch ich war zwar verbunden und hab' im Hintergrund [fragment] @hes@ sprechen hören aber mit mir hat niemand gesprochen";;"a";
"1259759577394.txt";"TRANSCRIPTION: in Ihrem System sind Falschaussagen hinterlegt Kundengesprächen was mir Verdruss und Ärger bereitet und ich überlege ernsthaft den Vertag mit der Telekom zu kündigen";;"d";
"1259759937438.txt";"TRANSCRIPTION: weiter [garbage] [vocal]";0;;
"1259760057704.txt";"TRANSCRIPTION: weiter [pause] weiter";0;;
"1259760057977.txt";"TRANSCRIPTION: weiter [noise]";0;;
"1259760178011.txt";"TRANSCRIPTION: ich bin gerade unterbrochen worden ich hab' mein Gespräch noch gar nicht beendet";;"b";
"1259760178273.txt";"TRANSCRIPTION: ich war sehr zufrieden mit der mit dem Gespräch von Ihrer Kollegin [breath] war sehr angenehm [pause] würde immer wieder mit ihr telefonieren @hes@ wenn irgendwie Probleme gibt [garbage] [vocal] [garbage]";0;;
"1259760298326.txt";"TRANSCRIPTION: weiter";0;;
"1259760298546.txt";"TRANSCRIPTION: ich war mit diesem Anruf mit dem Gespräch des Kollegen sehr zufrieden der Kollege hat mir sehr geholfen und es ging sehr zügig dafür möcht' ich mich herzlich bedanken Ende zu diesem Thema";0;;
"1259760298640.txt";"TRANSCRIPTION: [breath] ich möchte mich zum ersten Mal ganz herzlich für eine kompetente und unkomplizierte Beratung bedanken es ist eine schnelle Verbindung *zustande* gekommen es war also eine sehr sehr höfliche und sehr @hes@ zuvorkommende Dame mit der ich gesprochen habe die also das Problem auch aufgenommen hat und mir die Lösung @hes@ gegeben hat das war erstmalig dass ich also so in den letzten Zeiten bei der Telekom bedient wurde und dafür bedanke ich mich ganz herzlich";0;;
"1259760418702.txt";"TRANSCRIPTION: [breath] ja mein Problem ich hab' jetzt schon *das* vierte Mal angerufen ich werd' immer in der Schleife weiter gereicht jeder *fragt* freundlich was kann ich für Sie tun schlussendlich kommt *nichts* raus dabei ich bin hier in einem geschäftlichen @hes@ Verfahren hier mit USA und brauch' dringlich meine Email und die Umstellung die funktioniert einfach nicht @hes@ zeitgemäß";"d";1;
"1259760540124.txt";"TRANSCRIPTION: das Gespräch war sehr in Ordnung [pause] weiter";0;;
"1259760540352.txt";"TRANSCRIPTION: weiter";0;;
"1259760660397.txt";"TRANSCRIPTION: [breath] der Ansprechpartner Herr [nachn] war sehr freundlich sehr kompetent @hes@ mein Anliegen wurde zügig bearbeitet und ich hoffe dass es dann auch so funktioniert";0;;
"1259760660660.txt";"TRANSCRIPTION: [vocal] ich habe seit mehr als zwei Wochen ein Problem versuche jetzt nunmehr das vierte Mal einen @hes@ Kundendienst Mitarbeiter zu finden der mir bei diesem Problem helfen kann [breath] jedes Mal lande ich in irgendeiner Warteschleife weil dieser jenige sich meine [fragment] Kartei erstmal  angucken muss und dann fliege ich aus *dem* System das kann wohl nicht wahr sein absoluter Saftladen ich bin super unzufrieden und es macht echt keinen Spaß bei der Telekom anzurufen der letzte Laden";"d";"c";
"1259760780730.txt";"TRANSCRIPTION: [breath] ja immer wieder gerne mit T-Com zu sprechen  und die Leistung ist *eigentlich* ((erster)) die Bohne *keine* Probleme [pause] weiter";0;;
"1259760902152.txt";"TRANSCRIPTION: weiter";0;;
"1259760902373.txt";"TRANSCRIPTION: weiter";0;;
"1259760902460.txt";"TRANSCRIPTION: [breath] es geht um einen Auftrag der seit Anfang Oktober läuft [breath] und ich trotz zehnmaligem Anrufen und Briefe schreiben keine Antwort von Ihnen bekomme und [fragment] egal welcher Mitarbeiter daran sitzt es wird immer nur gesagt ja *das* *ist* im System drin aber es tut sich nichts ich bekomme nie eine Antwort [pause] und deshalb bin ich total unzufrieden es sollte bei mir umgeschaltet werden es wird nicht gemacht es wird noch nicht mal eine Antwort gegeben";1;;
"1259761022509.txt";"TRANSCRIPTION: [breath] es ist überhaupt kein Gespräch zustande gekommen [pause] das heißt die Leitung war auf einmal tot es war überhaupt keinen @hes@ keine Kommunikation möglich";"a";;
"1259761022739.txt";"TRANSCRIPTION: sehr *kompetent* man weiß was er tut und auf jede Frage eine Antwort die richtig war";0;;
"1259761142773.txt";"TRANSCRIPTION: ich wurde umfassend beraten und bin mit den [fragment] mit der Auskunft zufrieden [breath]";0;;
"1259761143032.txt";"TRANSCRIPTION: es war kein Berater an der Strippe und es wurde einfach aufgelegt";"a";;
"1259761143140.txt";"TRANSCRIPTION: [breath] ja es war ein sehr gutes Gespräch ich sprach mit einer Frau [nachn] in Kiel ganz angenehm gut aufgezogen ((auch)) sehr informativ gemacht sehr transparent wo man auch @hes@ dem Laien das sehr gut erklären konnte und er Kunde konnte auch sein Ziel erreichen [pause] Ende der Durchsage";0;;
"1259761263177.txt";"TRANSCRIPTION: [fragment]";0;;
"1259761263381.txt";"TRANSCRIPTION: weiter weiter [pause] weiter";0;;
"1259761503455.txt";"TRANSCRIPTION: ja @hes@ sehr informativ @hes@ und initiativ einfach *eine* schöne Beratung und @hes@ sehr aufmerksam";0;;
"1259761623661.txt";"TRANSCRIPTION: [vocal] also ich war sehr zufrieden der Kollege hat mir @hes@ gesagt was mit meinem DSL los ist und wie gesagt [breath] kann's nur empfehlen bi sehr zufrieden danke [pause] weiter";3;;
"1259761743960.txt";"TRANSCRIPTION: [garbage] ja";0;;
