"1259800625868.txt";"TRANSCRIPTION: [vocal] also *ich* war sehr unzufrieden über die Beratung des [vorn] [nachn] wenn ich den Namen richtig verstanden hab' weil ich seine unverschämten Äußerungen doch recht dreist fand";"d";;;;;;;"häufigkeit"
"1259818986435.txt";"TRANSCRIPTION: ((das))";0;;;;;;;18,42
"1259819586666.txt";"TRANSCRIPTION: ((ich)) ((habe)) eine Störung am Internet heute morgen ich werde [breath] von dem Kollegen verbunden und dann meldet sich ein Band unser Büro ist nicht besetzt das hilft mir nicht weiter es ist fünf vor sieben";3;"a";;;;;;
"1259821508119.txt";"TRANSCRIPTION: der ganze [fragment] Service miserabel man wird nicht zurück gerufen ich warte dringend auf einen Rückruf weil wir eine Störung haben [breath] jetzt wurde der Auftrag auch nicht weiter [fragment] @hes@ weiter gegeben ich hab' [fragment] keine Antwort erhalten das ist eine Riesenfrechheit j @hes@ ich werd' es noch mal versuchen telefonisch also das kann es nicht sein";3;"d";;;;;;
"1259822588426.txt";"TRANSCRIPTION: [breath] also ich muss sagen ich war sehr sehr zufrieden mit dem Gespräch kompetent [breath] freundlich also @hes@ spitze es können sich andere andere Anbieter oder andere @hes@ @hes@ Unternehmen da *eine* Scheibe abschneiden";0;;;;;;;
"1259822708691.txt";"TRANSCRIPTION: weiter";0;;;;;;;
"1259823068927.txt";"TRANSCRIPTION: ja der Mitarbeiter war freundlich und hat meine Fragen *und* mein Anliegen ebenso freundlich wie kompetent *beantwortet* weiter";0;;;;;;;
"1259823069170.txt";"TRANSCRIPTION: [breath] ich habe *gerade* eben mit Frau [nachn] gesprochen von *Eurem* Service Team das war *eine* sehr höfliche freundliche Person hat sich sehr viel Mühe gegeben [breath] jetzt hoffe ich nur noch dass Ihr das alles hinbekommt weiter";0;;;;;;;
"1259823429219.txt";"TRANSCRIPTION: kompetentes flüssiges Fachpersonal wunderschön [pause] danke [noise]";0;;;;;;;
"1259823670643.txt";"TRANSCRIPTION: [noise] weiter [noise]";0;;;;;;;0,97
"1259823910923.txt";"TRANSCRIPTION: [breath] ich bin mit diesem Service der Telekom sehr unzufrieden weil ein Auftragstermin einfach verlegt wurde ohne dem Kunden Bescheid zu sagen [breath] jetzt ruft man an um den wirklichen [fragment] Freischaltungs Termin und Termin des @hes@ Technikers zu bekommen und es kann keine Aussage getroffen werden";1;"d";;;;;;4,85
"1259823911211.txt";"TRANSCRIPTION: ja ich bin mit dem mit der Bedienung sehr sehr zufrieden und [breath] sind alle sehr [fragment] @hes@ zuvorkommend und sehr nett und freundliche [pause] weiter";0;;;;;;;
"1259823911288.txt";"TRANSCRIPTION: ja das Gespräch lief ganz gut ((mir)) @hes@ mir wurde auch geholfen @hes@ es wurde mir [vocal] gesagt dass heute Abend die Störung vorbei ist das hat ((mir)) für mich im Moment mal gereicht";3;;;;;;;4,02
"1259824031334.txt";"TRANSCRIPTION: weiter";0;;;;;;;
"1259824391540.txt";"TRANSCRIPTION: weiter";0;;;;;;;
"1259824391740.txt";"TRANSCRIPTION: wenn das *Gespräch* wie es gelaufen ist so auch eintritt finde ich war das eine gute Beratung danke [breath]";0;;;;;;;17,87
"1259824511796.txt";"TRANSCRIPTION: [breath] er hat mich sehr gut beraten [pause] weiter";0;;;;;;;26,18
"1259824872009.txt";"TRANSCRIPTION: [vocal] also ich bin äußerst zufrieden mit der Beratung und zwar mit allen die ich bisher nötig hatte";0;;;;;;;6,23
"1259824992223.txt";"TRANSCRIPTION: [noise] weiter [noise] ((upps))";0;;;;;;;11,5
"1259824992438.txt";"TRANSCRIPTION: [noise] weiter";0;;;;;;;
"1259825112481.txt";"TRANSCRIPTION: [fragment] war sehr nett und freundlich und entgegenkommen und der Mitarbeiter hat auch versucht eine Lösung für mein Problem zu finden [pause] ((das)) ((wäre)) ((es)) aus meiner Sicht";0;;;;;;;7,48
"1259825112729.txt";"TRANSCRIPTION: [breath] also Ihr Mitarbeiter war so überzeugend so entgegenkommend [breath] dass ich ja wegen *solchen* Kollegen ja ich bei Telekom bleibe nämlich mein Stiefsohn will mich ja zu zu O2 [fragment] also umwerben aber ich bleibe meiner [fragment] Telekom treu solange Sie solche Mitarbeiter haben eins kann ich sagen wohl dem Chef der einen solchen Mitarbeiter hat der mich jetzt betreut hat";0;;;;;;;
"1259825472804.txt";"TRANSCRIPTION: weiter";0;;;;;;;
"1259825593041.txt";"TRANSCRIPTION: weiter [garbage]";0;;;;;;;
"1259825713363.txt";"TRANSCRIPTION: [breath] erstens find' ich dieses Band total scheiße weil die Dame mich nicht versteht [breath] zweitens wurde ich am Telefon abgewürgt und grad rausgedrückt [breath] das *ist* nicht Sinn dieser Sache Entschuldigung aber unerhört [pause] weiter";"d";;;;;;;
"1259825833618.txt";"TRANSCRIPTION: ich hab' noch keine [fragment] Auskunft auf meine Anfrage [breath] ich wurde durch Sie jetzt unterbrochen ich warte immer noch auf den Herrn der mir da weiter hilft";"a";;;;;;;
"1259825953839.txt";"TRANSCRIPTION: weiter";0;;;;;;;
"1259825954087.txt";"TRANSCRIPTION: weiter [pause] weiter";0;;;;;;;
"1259825954120.txt";"TRANSCRIPTION: weiter";0;;;;;;;
"1259826194211.txt";"TRANSCRIPTION: in diesem Gespräch ging es um eine Rückportierung einer Telefonnummer und ich muss sagen dass Ihre Kollegin ausgesprochen unverschämt war am Telefon [breath] @hes@ der Vorgang ist von Ihrer Seite nicht geklärt worden und sie hat einfach aufgelegt und wir überlegen ob wir den Anbieter wechseln";1;"d";"b";;;;;
"1259826194414.txt";"TRANSCRIPTION: [vocal] der Grund ist unterschiedliche Angabe von Mitarbeiter";"d";;;;;;;
"1259826314461.txt";"TRANSCRIPTION: [breath] weiter [breath]";0;;;;;;;
"1259826434792.txt";"TRANSCRIPTION: ich finde es sehr schade dass der Vorgang nicht entsprechend meinen Wünschen aufgeklärt werden konnte [breath] [vocal] bei einem Kundengespräch letzte Woche wurden mir andere Angaben gemacht @hes@ wir hatten einen Vertrag bei eins und eins der ist bereits im letzten Jahr gekündigt worden die Durchschriften der Kündigungs Annahme wurden bereits im November zwei tausend acht an die Telekom gesandt und jetzt soll ich das alles noch mal machen das finde ich blöd das finde ich einfach doof unflexibel es hat sich also nicht viel geändert das finde ich sehr schade ich werd' das jetzt alles noch mal schicken und [fragment] sollte am siebten November abgeschaltet werden bei eins und eins und der Vertrag der Telekom noch nicht übernommen werden das heißt ich steh' hier ohne Telefon ohne Internet ohne alles dann werd' ich so was von Rabatz machen da werden alle Spaß dran haben ich find' das unmöglich muss ich echt sagen schade [noise]";1;"d";;;;;;
"1259826435060.txt";"TRANSCRIPTION: das Gespräch war gestern mit zwei Damen und heute mit dem jungen Mann in Mecklenburg Vorpommern [breath] ganz ganz positiv";0;;;;;;;
"1259826675156.txt";"TRANSCRIPTION: na das Gespräch verlief sehr sehr gut allerdings ging's um die Portierung einer Festnetznummer und @hes@ die Dame konnte mir dort nur bedingt weiter helfen weil bei meinem lokalen Anbieter es sich nicht um eine Kündigung handelt sondern lediglich um ein Downgrade von DSL mit ISDN Anschluss auf rein DSL @hes@ positiv sie hat @hes@ das sehr positiv geäußert und in Aussicht gestellt negativ eine Aussage @hes@ wie es doch bei vielen Anbietern in der Vergangenheit gelaufen ist konnte nicht getroffen werden allerdings @hes@ erwarte ich auch von einem Kundendienst nicht dass unbedingt auf lokale Anbieter eingegangen werden kann deswegen hab' ich es trotzdem mit gut bewertet";1;;;;;;;
"1259826795452.txt";"TRANSCRIPTION: Ihr Mitarbeiter hat mich sehr gut beraten und hat mir also auch @hes@ bei der ganzen Fragestellung [breath] Rede und Antwort gestanden also diese Beratung muss ich ganz ehrlich sagen [breath] war hervorragend der Mitarbeiter hat sich auch um die Belange des Kunden sehr gekümmert und [breath] ich sag' mal das war eine sehr sehr gute Beratung";0;;;;;;;
"1259827035717.txt";"TRANSCRIPTION: [breath] ich glaub' ich häng' hier schon *eine* halbe Stunde am Telefon drin es schreien die Kinder [breath] ich möcht' einfach dass  dass *ich* bedient werd' das kann nicht sein dass das so lange dauert alles";"e";;;;;;;
"1259827155992.txt";"TRANSCRIPTION: [breath] ich bin sehr zufrieden mit der Beratung *und* und der Auflösung des Problems nur die Wartezeit bis ich dran gekommen bin das war halt *ein* *wenig* lang aber dafür könnt Ihr ja nichts ich wünsch' Euch noch *einen* Schönen Tag und ein schönes Fest tschüss";"e";;;;;;;
"1259827276251.txt";"TRANSCRIPTION: na gut es ging um die Kündigung die ich schon lang gekündigt haben hab' bis jetzt noch keinen Bescheid bekommen und jetzt hab' ich angerufen und meine Untermieter haben schon lange die Kündigung für eine Woche bekommen und jetzt hab' ich Bescheid bekommen dass meine Kündigung unterwegs ist und jetzt *ist* für mich der Fall erledigt *ist* in Ordnung";1;;;;;;;
"1259827276495.txt";"TRANSCRIPTION: [breath] weiter [breath]";0;;;;;;;
"1259827516598.txt";"TRANSCRIPTION: weiter";0;;;;;;;
"1259827637966.txt";"TRANSCRIPTION: das Gespräch wurde leider getrennt ich bin gar nicht zu dem Kundenberater gekommen ich bitte nochmals um Verbindung";"a";;;;;;;
"1259827758159.txt";"TRANSCRIPTION: weiter [noise]";0;;;;;;;
"1259827758402.txt";"TRANSCRIPTION: [breath] also der Mitarbeiter war sehr freundlich sehr hilfsbereicht und @hes@ hat auch *gerade* mit mir jetzt *einen* Versuch gestartet dass ich wieder Internet bekommen @hes@ was mich trotzdem *ein* bisschen ärgert dass es jetzt schon das dritte Mal innerhalb von zwei Wochen ist und ich mir nicht sicher bin das @hes@ eigentliche Problem wirklich behoben wird oder ob es @hes@ wieder nur ein Internetzugang auf Zeit ist das bin ich jetzt mal gespannt aber der Anruf war sehr freundlich und @hes@ hilfreich";3;;;;;;;
"1259827878442.txt";"TRANSCRIPTION: weiter";0;;;;;;;
"1259827998676.txt";"TRANSCRIPTION: das Gespräch hat sehr lange gedauert Berater war schlecht informiert";"d";;;;;;;
"1259827998911.txt";"TRANSCRIPTION: ich habe dem Kundenberater nur meine Kundennummer gegeben und dann ist das Gespräch durch Ihren automatischen Fragegeschichte unterbrochen worden ich weiß nicht was nun wird";"b";;;;;;;
"1259828238986.txt";"TRANSCRIPTION: weiter [breath]";0;;;;;;;
"1259828359277.txt";"TRANSCRIPTION: [breath] offensichtlich ist die Telekom nicht bereit Anschlüsse an andere Netze weiter zu geben die Probleme die mir bereitet werden konnten nicht gelöst werden weil sie an anderer Stelle verursacht wurden";1;"d";;;;;;
"1259828479545.txt";"TRANSCRIPTION: im Gegensatz zu früher *ist* also jetzt diese Beratung *einwandfrei* gewesen früher hat man hundertmal suchen müssen und jetzt war's wunderbar";"d";;;;;;;
"1259828481155.txt";"TRANSCRIPTION: unwahrscheinlich lästig ist die per Band @hes@ ja wie soll man sagen per Band funktionierende Abfrage am Anfang was *man* haben möchte warum weshalb wieso weil das meistens sowieso nicht funktioniert";0;;;;;;;
"1259828481205.txt";"TRANSCRIPTION: die Beratung war vollständig in Ordnung ich bin zufrieden weiter";0;;;;;;;
"1259828481250.txt";"TRANSCRIPTION: ich bin zufrieden mit den Service Leistungen die ich bisher @hes@ [vocal] hier in dem Servicecenter hatte";0;;;;;;;
"1259828481295.txt";"TRANSCRIPTION: weiter";0;;;;;;;
"1259828601332.txt";"TRANSCRIPTION: [breath] @hes@ unsere Unterredung ist unterbrochen worden ich war noch gar nicht fertig mit dem Gespräch";"b";;;;;;;
"1259828721577.txt";"TRANSCRIPTION: das Gespräch war ganz okay aber @hes@ die Erreichbarkeit der Nummer ließ zu wünschen übrig erst [fragment] war das gar keine Möglichkeit nachher @hes@ [fragment] sollte ich verbunden werden und dann @hes@ hat *das* aber [fragment] plötzlich nach drei Minuten plötzlich besetzt Zeichen gegeben ich hab' also insgesamt vier oder fünfmal angerufen [pause] schönen Tag auf Wiederhören";"b";;;;;;;
"1259828723134.txt";"TRANSCRIPTION: die Verbindung zu dem Servicemitarbeiter in der mir vorgebenden Nummer war sehr lange das heißt ich habe fast fünf Minuten gewartet ehe ich verbunden wurde";"e";;;;;;;
"1259828723179.txt";"TRANSCRIPTION: ich wurde bis jetzt nur von der Telekom verscheißert [pause] das ist keine Auskunft kein Service das ist @hes@ *ein* Schlampen Haufen ist das weiter";"d";;;;;;;
"1259828843230.txt";"TRANSCRIPTION: [breath] also der Kundenberater der mich jetzt bedient hat ich hab' den Namen leider nicht verstanden [breath] der war sehr freundlich hatte sehr viel Geduld und seine Auskunft war war so dass ich sie auch verstanden habe und damit was anfangen kann ich kann mich bei ihm nur bedanken";0;;;;;;;
"1259828843482.txt";"TRANSCRIPTION: [fragment] [pause] weiter";0;;;;;;;
"1259828843532.txt";"TRANSCRIPTION: sehr nette und kompetente Mitarbeiter";0;;;;;;;
"1259828963568.txt";"TRANSCRIPTION: ich war mit den [fragment] @hes@ mit den Ausführungen und mit *der* Unterrichtung der Kollegin sehr zufrieden";0;;;;;;;
"1259828963802.txt";"TRANSCRIPTION: sehr gute und kompetente Beratung muss ich ganz ehrlich sagen der [breath] Serviceberater hat sich sehr viel Mühe gegeben und hat alles rausgefunden und [fragment] alles zu meiner vollsten Zufriedenheit erledigt";0;;;;;;;
"1259829083880.txt";"TRANSCRIPTION: [breath] ja das Gespräch das war alles sehr gut und [fragment] Mitarbeiter waren sehr freundlich was mich *ein* bisschen gewundert hat dass wir mitten [breath] in der Problem [vocal] ja in der Phase wo wir das Problem lösen wollten unterbrochen worden sind durch die Automaten Stimme also das Problem hat sich jetzt erledigt aber @hes@ das Gespräch konnte nicht beendet werden okay aber sonst ist alles gut ich danke [noise]";"b";;;;;;;
"1259829084211.txt";"TRANSCRIPTION: ich bin mit dem Gespräch sehr unzufrieden es war ein sehr *pampiger* @hes@ Servicemitarbeiter @hes@ @hes@ der ((ist)) auf meine Fragen überhaupt *nicht* eingegangen ist mich eigentlich auch hingestellt dass ich seine Ausführungen nicht nachvollziehen kann im Prinzip gesagt ob ich zu dumm dazu bin ja wobei ich dann nach seinem Namen gefragt hab' und er aufgelegt hat ich muss sagen wenn so die Telekom quasi ihre ihre Kunden @hes@ @hes@ dazumal @hes@ beraten tut und Servicenummern ausgibt mit solche unqualifizierten Leute *nicht* dann ist es wirklich sehr sehr schwer und sehr schwer dass man diesen Firmen da überhaupt noch die die Stange hält ja weil *das* ist eine absolutes Frechheit muss ich sagen ja also ich möcht' jetzt *auch* gern mit jemand sprechen und wenn *es* geht der da am Telefon ist und nicht immer mit irgendwelchen Dummbändern sprechen *nicht* wo ich überhaupt nicht weiß werd kommt da raus außerdem [vocal] schauen wir mal was passiert wieder";"d";;;;;;;
"1259829204268.txt";"TRANSCRIPTION: ich hab' die fünf versehentlich gedrückt eigentlich sollte es die zwei werden";0;;;;;;;
"1259829324323.txt";"TRANSCRIPTION: die Frau war sehr nett und freundlich höflich [breath] nur leider etwas leise";0;;;;;;;
"1259829444546.txt";"TRANSCRIPTION: [fragment]";0;;;;;;;
"1259829444837.txt";"TRANSCRIPTION: [breath] ich hab ja @hes@ an meine neue Sim Karte die ist mir ja abhanden gekommen oder ist weggegangen und die hab' ich jetzt bei Ihnen da [fragment] eine andere bestellt [breath] und das hat noch nicht mal @hes@ einen Tag gedauert da hab' ich die Karte hier meine neue Karte schon gehabt und das finde ich ganz gut in Ordnung [pause] also ich bin sehr zufrieden [pause] ja das ist eigentlich alles ich bin auch so schon langjähriges Mitglied und ich bin auch mit Ihrem @hes@ ganzen Kram sehr zufrieden [pause] okay das war's schon";1;;;;;;;
"1259829444890.txt";"TRANSCRIPTION: der [fragment] der Kundendienst Berater war sehr sehr nett sehr zuvorkommend ich war perfekt zufrieden [pause] weiter";0;;;;;;;
"1259829444953.txt";"TRANSCRIPTION: das Gespräch war sehr freundlich und @hes@ er war sehr nett der Herr [nachn] [breath] und ich hoffe das er meine Wünsche dort zur Zufriedenheit löst";0;;;;;;;
"1259829684994.txt";"TRANSCRIPTION: [fragment]";0;;;;;;;
"1259829685226.txt";"TRANSCRIPTION: [trash]";0;;;;;;;
"1259829805279.txt";"TRANSCRIPTION: ich hab' öfter Gespräche geführt mit Mitarbeitern und war insgesamt sehr zufrieden auch eben [breath] mit der Dame das war sehr zuvorkommend und freundlich da bin ich also wirklich ganz überrascht dass das so gelaufen ist die ganzen letzten Wochen danke schön";0;;;;;;;
"1259829925566.txt";"TRANSCRIPTION: [breath] mir wurde gar nicht geholfen ich hatte gar kein Gespräch mit einem Beratungsmitarbeiter [breath] die Störung wurde vielleicht aufgenommen weiß ich ja nicht mit mir wurde gar nicht gesprochen [vocal]";"a";3;;;;;;
"1259829925775.txt";"TRANSCRIPTION: [breath] @hes@ es war heute alles in Ordnung @hes@ keinerlei Beanstandungen";0;;;;;;;
"1259830285818.txt";"TRANSCRIPTION: sehr kompetente Beratung und schnelle Ausführungen";0;;;;;;;
"1259830406043.txt";"TRANSCRIPTION: [breath] jetzt einfach weiter";0;;;;;;;
"1259830406254.txt";"TRANSCRIPTION: das Gespräch war noch nicht beendet uns ist noch nicht geholfen worden von T-Mobile und ich würde empfehlen das zu tun [pause] weiter";"a";;;;;;;
"1259830646302.txt";"TRANSCRIPTION: [vocal] ein hervorragender kompetenter Mitarbeiter der sich sehr sehr freundlich um die entsprechende Problematik @hes@ gekümmert hat und generell sehr zufrieden";0;;;;;;;
"1259830646567.txt";"TRANSCRIPTION: [noise] die Dame am Telefon war unzufrieden ((weil)) [fragment] nicht unzufrieden sie war unfreundlich sie war hat nicht zuhören wollen und das was ich eigentlich wollte wollte ich mit der Dame nicht mehr besprechen weiter";"d";;;;;;;
"1259830766667.txt";"TRANSCRIPTION: die Beratung war unter dem Strich zumindest hilfreich dass ich jetzt weiß @hes@ wo der Fehler liegt eine Auskunft darüber wie lange der Fehler weiterhin besteht konnte mir nicht gegeben werden @hes@ ansonsten war die Dame nicht sehr freundlich motiviert sie war also relativ gleichgültig wie sie mir diese Antworten gegeben hat das zur Kritik [pause] weiter";"d";1;;;;;;
"1259831006966.txt";"TRANSCRIPTION: [breath] ich möchte das schon das ist *ein* scheiß Laden bei Euch hier seit *einer* halben Stunde häng' ich schon am Telefon und unzuverlässig sondergleichen freundlich sind sie am Telefon aber unzuverlässig bin die Nachbarin von dem Herrn [nachn] aber das ist *das* ist unnormal bei Ihnen so und jetzt weiter [noise] [vocal]";"d";"e";;;;;;
"1259831007218.txt";"TRANSCRIPTION: [breath] wir waren zufrieden die Auskunft war gut Frau [nachn] hat uns gut beraten und jetzt möchte ich aber Schluss machen weil ich keine weitere Zeit habe";0;;;;;;;
"1259831127266.txt";"TRANSCRIPTION: @hes@ der Betreuer war @hes@ sehr freundlich und sehr positiv allerdings @hes@ ist es eine Katastrophe die lange Wartezeit bis man also an einen Betreuer ran kommt [pause] weiter";"e";;;;;;;
"1259831127488.txt";"TRANSCRIPTION: *mit* dem Kollegen am Telefon war ich sehr zufrieden";0;;;;;;;
"1259831247522.txt";"TRANSCRIPTION: [breath] weiter";0;;;;;;;
"1259831247788.txt";"TRANSCRIPTION: [vocal] das Gespräch war leider noch nicht [fragment] beendet ich warte noch auf die Endlösung ((die)) meines Problems";"a";;;;;;;
"1259831367820.txt";"TRANSCRIPTION: weiter [noise]";0;;;;;;;
"1259831368049.txt";"TRANSCRIPTION: weiter";0;;;;;;;
"1259831608084.txt";"TRANSCRIPTION: weiter [pause] weiter";0;;;;;;;
"1259831608333.txt";"TRANSCRIPTION: weiter";0;;;;;;;
"1259831608377.txt";"TRANSCRIPTION: [vocal] also die @hes@ Kundenbetreuung über für DSL was ich habe bin ich sehr zufrieden auch in der Vergangenheit und heute hat's auch wieder sofort geklappt [breath]";1;;;;;;;
"1259831728424.txt";"TRANSCRIPTION: [breath] äußerst @hes@ freundliche zuvorkommende auch qualitativ sehr gute Mitarbeiterin [breath]";0;;;;;;;
"1259831728654.txt";"TRANSCRIPTION: [vocal] @hes@ der Anruf die oder die Beantwortung meiner Frage war [breath] sachlich verständlich @hes@ ich hoffe dass der Lösungsvorschlag tatsächlich funktioniert werde ansonsten noch mal anrufen aber *es* ich bin zufrieden";0;;;;;;;
"1259831848697.txt";"TRANSCRIPTION: ich muss sagen ich bin wieder sehr zufrieden mit der Telekom @hes@ und die Dame mit der ich *gerade* gesprochen hab' war sehr sehr nett";0;;;;;;;
"1259832088961.txt";"TRANSCRIPTION: ja das war *ein* netter junger Mann und der hat mich gut bedient und hat rausgefunden was ich haben möchte [pause] ja war gut jetzt weiter";0;;;;;;;
"1259832209198.txt";"TRANSCRIPTION: ((nee)) war sehr kompetent Gesprächspartnerin und vor allem hat sie die richtige Daten parat (()) was leider bei Ihnen *nicht* so oft vorkommt dann [breath] und hat korrekte Aussagen gemacht zum Beispiel über Vertrags Laufzeit und da gibt's doch manchmal Mängel weil die Vertrags Laufzeit  manche doch @hes@ *bisschen*  länger einschätzen weiß nicht welche Unterlagen sie da zur Hand haben [breath] aber die Dame ((jetzt)) am Telefon die war wirklich gut";"d";1;;;;;;
"1259832329440.txt";"TRANSCRIPTION: mit dem eben geführten Kunden Beratungsgespräch war ich sehr zufrieden der @he s@ ich denke ein junger Herr war das war sehr zuvorkommend und höflich alles bestens danke schön";0;;;;;;;
"1259832329656.txt";"TRANSCRIPTION: [breath] ich war mit dem Gespräch dieses Kollegen sehr zufrieden und er hat mir entsprechende Auskünfte gegeben die ich haben wollte";0;;;;;;;
"1259832329701.txt";"TRANSCRIPTION: ja [vocal] nette Beratung auf jeden Fall und ich denke es hat alles sehr gut geklappt ja danke schön [noise]";0;;;;;;;
"1259832329761.txt";"TRANSCRIPTION: [breath] ja hallo @hes@ ich ärger' mich nur @hes@ ja das mein Tarif trotz Anfrage vorher nicht @hes@ geändert wurde weil ich *einen* jährlichen Vertrag hatte und [fragment] heute ist es aber Gott sei Dank problemlos möglich mir innerhalb von sieben [fragment] sieben Tagen aber ich hab' da ja *ein* Dreiviertel Jahr monatlich fünf Euro zuviel bezahlt was *ein* bisschen ärgerlich für mich ist";1;4;;;;;;
"1259832449823.txt";"TRANSCRIPTION: [breath] ja ich @hes@ das Gespräch ist einfach abgebrochen worden jetzt und ich weiß immer noch nicht was Sache ist es ist eine Riesen Sauerei und wenn *das* wenn ich den Neuanschluss *nicht* sofort bekomme oder demnächst [fragment] @hes@ es gibt ja auch noch andere Anbieter [pause] dann werd' ich @hes@ dann werd' ich *einen* anderen Anbieter nehmen";1;"b";;;;;;
"1259832450036.txt";"TRANSCRIPTION: weiter";0;;;;;;;
"1259832450092.txt";"TRANSCRIPTION: [breath] @hes@ ja zu dem Gespräch möchte ich an für sich nur sagen was ich grad geführt hab' mit einer Dame super nett super freundlich war zuvorkommend hat zum Schluss sogar noch einen weiteren Dienst angeboten [breath] @hes@ ja einfach nur rund rum zufrieden wenn sie alle so wären @hes@ sitzt da eine gute Beratung aber leider ist es nicht immer so aber diesmal war es so danke";"d";;;;;;;
"1259832570128.txt";"TRANSCRIPTION: weiter";0;;;;;;;
"1259832570381.txt";"TRANSCRIPTION: [breath] so also im Prinzip bin ich ja befriedigt dass ich jetzt Bescheid weiß warum mein Telefon nicht funktioniert [breath] besser wäre es natürlich gewesen wenn mir das vorher mitgeteilt worden wäre denn dieser Zustand hält ja schon einige Zeit an [pause] danke";3;;;;;;;
"1259832570424.txt";"TRANSCRIPTION: weiter";0;;;;;;;
"1259832690495.txt";"TRANSCRIPTION: [breath] die Beratung war sehr gut [vocal] das kann ich da nur zu sagen aber @hes@ mein Ziel was ich haben wollte ist noch nicht @hes@ ist noch nicht erfüllt damit aber dafür kann ((ja)) die Beratung nichts ((damit)) (()) ist das schon so weit in Ordnung ((danke)) ((schön)) ich wollte nämlich einen T-Home Entertainment Anschluss haben aber man kann mir nicht genau sagen wann das hier eingerichtet wird und das ist eben mein Problem was ich habe das konnte mir noch niemand sagen von Ihrem gesamten Team danke schön";1;;;;;;;
"1259832690738.txt";"TRANSCRIPTION: [breath] nein also ich war sehr zufrieden @hes@ ich hab' @hes@ mit einer Kollegin [nachn] gesprochen oder Frau [nachn] und ich war sehr zufrieden";0;;;;;;;
"1259832810781.txt";"TRANSCRIPTION: [vocal] ja [fragment] es dauerte etwas länger aber ansonsten war das Gespräch wunderbar danke [vocal]";"e";;;;;;;
"1259832811031.txt";"TRANSCRIPTION: [breath] sehr freundlich @hes@ ja einfach zufrieden";0;;;;;;;
"1259832931077.txt";"TRANSCRIPTION: weiter";0;;;;;;;
"1259833051283.txt";"TRANSCRIPTION: wunderbarer Service alle Informationen hab' ich erhalten und er war wunderbar freundlich weiter";0;;;;;;;
"1259833171557.txt";"TRANSCRIPTION: [breath] ja das war am Telefon Frau [nachn] die war ganz nett ((und)) ich bin echt äußerst zufrieden die hat [fragment] alle Antworten alle Fragen beantwortet und ich hab' absolut *nichts* mehr ((danke)) ((Ihnen)) echt [fragment] echt äußerst zufrieden danke schön";0;;;;;;;
"1259833291811.txt";"TRANSCRIPTION: die Frage wurde ja unzureichend beantwortet in der Art ja wir rufen Sie irgendwann zurück man konnte keinen Zeitraum nennen das ist für mich ja ganz einfach nicht akzeptabel man konnte mir auch nicht sagen wo ich eventuell noch mal anrufen kann ist für mich auch nicht akzeptabel weiter";"d";;;;;;;
"1259833412048.txt";"TRANSCRIPTION: weiter";0;;;;;;;
"1259833652320.txt";"TRANSCRIPTION: @hes@ wir sind Mitglied im Rahmenvertrag also wir haben eine Rahmenvertrags Nummer wir haben eine Kundennummer wir haben diverse Handys bei Ihnen [breath] und ich finde es ist einfach *ein* Unding das es da nicht möglich ist weitere Handys in diesen Rahmenvertrag einzufügen ohne da so ein ominöses PDF Dokument auszufüllen  wo alle Informationen die eigentlich bei Ihnen vorliegen da noch mal abgefragt werden das ist meiner Meinung nach nicht Sinn einer kundenfreundlichen  [breath] Behandlung das muss möglich sein das auf einfacherem Wege zu handhaben";1;;;;;;;
"1259833652513.txt";"TRANSCRIPTION: weiter tja war *ein* nettes Gespräch war fein hat alles klappt man man sich nicht beklagen danke schön";0;;;;;;;
"1259833652552.txt";"TRANSCRIPTION: weiter";0;;;;;;;
"1259833652589.txt";"TRANSCRIPTION: hallo [breath]";0;;;;;;;
"1259833652640.txt";"TRANSCRIPTION: [breath] ich hatte eine sehr nette Gesprächs Partnerin am Telefon wenn nur alle Leute so nett und zuvorkommen wären wenn man mit Ihnen telefoniert";0;;;;;;;
"1259833772694.txt";"TRANSCRIPTION: wie kann ich zufrieden sein wenn ich nicht einmal eine [fragment] wenn ich nicht durch gestellt werde und dann gleich zur Ihrer Bewertung komme [pause] ich habe *nicht* einmal mein Anliegen äußern können [pause] und dass ich hier nicht durch gestellt werde und warten muss das ist kein Kundenservice";"a";;;;;;;
"1259833772924.txt";"TRANSCRIPTION: ja ich hatte gute Betreuung allerdings ist jetzt [fragment] sind jetzt dreißig Minuten um und ich bin jetzt irgendwie leider rausgeflogen aus der Warteschlange [breath] der Kollege wollte mich wieder rückrufen es wär' ganz nett wenn er das noch mal täte täte [breath] auf der [tel] vielen Dank";"e";"c";;;;;;
"1259833893024.txt";"TRANSCRIPTION: es war ein angenehmer Mitarbeiter am Telefon höflich nett hat sich vorgestellt mein Anliegen was ich im zusammen mit [fragment] Hang mit meiner beruflichen Tätigkeit steht [breath] wurde ordnungsgemäß zur Kenntnis genommen [breath] und die Hinweise die ich im Zusammenhang mit [fragment] Umstellung @hes@ in T-Home habe [breath] wurden zu meiner Zufriedenheit beantwortet wenn jetzt alles so klappt wie besprochen [breath] dann war dieser Service für mich auch gut Note zwo was ich dann auch gedrückt hatte [pause] weiter";1;;;;;;;
"1259833893252.txt";"TRANSCRIPTION: ich habe jetzt geschlagene *fünf* *und* zwanzig Minuten in der Warteschlange verbracht und bin noch nicht einmal weiter verbunden worden";"e";"a";;;;;;
"1259834133355.txt";"TRANSCRIPTION: ich bin deshalb unzufrieden weil ich @hes@ mindestens zehnmal gesagt kriege ich [fragment] haben Sie bitte noch etwas Geduld der nächste Kundenberater ist für Sie frei [breath] und das ist das eine und das andere ist dass der *Kundenberater* mir nur sagen konnte @hes@ dass das @hes@ Kabel irgendwo kaputt ist und @hes@ das @hes@ voraussichtlich heute Abend um neunzehn Uhr @hes@ das Kabel wieder in Ordnung sein werde da meine Frau heut Geburtstag hat ist sie überhaupt nicht erreichbar und ich find' das [fragment] ausgesprochen unangenehm weiter";"e";3;;;;;;
"1259834373573.txt";"TRANSCRIPTION: erst hab' ich zehn Minuten gewartet dann hat jemand abgenommen und wieder aufgelegt";"b";;;;;;;
"1259834373793.txt";"TRANSCRIPTION: ((ach)) ((mach')) bitte weiter";0;;;;;;;
"1259834373861.txt";"TRANSCRIPTION: ja ich war mit Ihrem Kollegen [vorn] [nachn] verbunden mit dem war ich das erste Mal bei Ihrem Unternehmen richtig gut zufrieden er hat mir also *ein* bisschen weiter geholfen und ich denke so müsste es auch immer sein";0;;;;;;;
"1259834613902.txt";"TRANSCRIPTION: [vocal] das Gespräch ist abgebrochen worden können Sie zurück verbinden";"b";;;;;;;
"1259834614123.txt";"TRANSCRIPTION: [noise] ich hab' mit der Frau [nachn] telefoniert die hat sich sehr viel Mühe gegeben hat @hes@ sofort reagiert schickt mir *eine* neue Rechnung und ich war äußerst zufrieden sehr freundlich sehr angenehm das Gespräch";4;;;;;;;
"1259834734198.txt";"TRANSCRIPTION: weiter";0;;;;;;;
"1259834854489.txt";"TRANSCRIPTION: [breath] die Beratung war schon in Ordnung es ist alles [fragment] alles klar";0;;;;;;;
"1259834974757.txt";"TRANSCRIPTION: ich war sehr [fragment] sehr zufrieden höflich nett freundlich und ich hoff' dass ich *auch* meinen Anschluss so schnell wie möglich *kriege* danke [vocal] das (()) @hes@ ich brauch' ihn dringend [garbage]";1;;;;;;;
"1259834975014.txt";"TRANSCRIPTION: ja also @hes@ [fragment] seitdem auf $V DSL umgestellt werden sollte @hes@ läuft alles schief [pause] ich erreich' ich [fragment] ich erreiche zum zur Zeit [fragment] noch noch nicht mal mehr tausend";1;;;;;;;
"1259834975111.txt";"TRANSCRIPTION: ich war mit der Auskunft und den Informationen die ich erhalten habe sehr zufrieden der Mitarbeiter war sehr freundlich [breath] hat mir auch noch zusätzlich *eine* Information gegeben für die ich mich herzlich bedanke";0;;;;;;;
"1259835095179.txt";"TRANSCRIPTION: das war ein sehr angenehmes Gespräch die Frau war sehr kompetent [vocal] und @hes@ ich würde sie jederzeit weiter empfehlen sie hat alle meine Fragen beantworten können hat alle meine Probleme gelöst ich danke sehr";0;;;;;;;
"1259835095428.txt";"TRANSCRIPTION: [breath] sehr zufrieden da die Mitarbeiterin sehr bemüht war eine Lösung in meinem Sinne zu finden [breath] und sich flexibel gezeigt hat ";0;;;;;;;
"1259835095479.txt";"TRANSCRIPTION: [breath] ich habe eine gute Auskunft bekommen der Anlass aber war eine schlechte Reaktion @hes@ der [fragment] der Telekom vorher am neun und zwanzigsten zehnten [pause] [fragment] schriftlich";"d";;;;;;;
"1259835215525.txt";"TRANSCRIPTION: weiter [pause] weiter";0;;;;;;;
"1259835215815.txt";"TRANSCRIPTION: [breath] [vocal] wenn man als normaler Telefon Kunde Probleme hat und es gibt Dinge die man nicht versteht ((und)) Servicemitarbeiter versuchen immer darzustellen das man @hes@ vielleicht dumm ist oder sich wiederholt @hes@ wie auch immer und man wird von Nummer zu Nummer geschickt und von Geschäft zu Geschäft und von Hotline zu Hotline dann fühlt man sich irgendwann natürlich verarscht böses Wort aber so ist es leider [breath] und der Mitarbeiter am Telefon gibt dann einfach an [vocal] ich muss jetzt aufhören meine Hotline ist abgestürzt oder meine meine Festplatte ist abgestürzt ich find' so kann man mir Kunden nicht umgehen";"d";3;;;;;;
"1259835215909.txt";"TRANSCRIPTION: [breath] im Gegensatz zu vorigen Gesprächen war ich diesmal mit der Beratung deshalb sehr zufrieden [breath] weil @hes@ meine Gesprächs Partnerin die Beraterin auf @hes@ persönliche Fragen einging und wir zusammen dann eine Lösung gefunden haben für das Problem meine Schwiegermutter eine ältere Dame die @hes@ unkundig ist mit diesen ganzen Vertrags Umstellungen umzugehen also das Problem ist gelöst und die Beratung war sehr gut danke";"d";1;;;;;;
"1259835335948.txt";"TRANSCRIPTION: sehr gute korrekte kompetente Beratung";0;;;;;;;
"1259835336155.txt";"TRANSCRIPTION: weiter [noise] weiter [noise]";0;;;;;;;
"1259835337546.txt";"TRANSCRIPTION: weiter";0;;;;;;;
"1259835577599.txt";"TRANSCRIPTION: [vocal] ich hatte einen sehr kompetenten Ansprechpartner der aber angeblich gar nicht für mich zuständig war weil @hes@ dort @hes@ wir ein T-Systems Kunde sind und ich bei der T-Home Hotline gelandet bin ansonsten hat er mir sehr weiter geholfen und mich sehr kompetent beraten";0;;;;;;;
"1259835577797.txt";"TRANSCRIPTION: ich bin sehr zufrieden und @hes@ [pause] möcht' nur sagen das ich gut @hes@ mit Ihnen auskomm' weiter [breath]";0;;;;;;;
"1259835697875.txt";"TRANSCRIPTION: [breath] ja ich hatte eine sehr gute Beratung und eine Klärung der @hes@ Gebührenfrage und bin sehr zufrieden mit diesem Service";1;;;;;;;
"1259835698095.txt";"TRANSCRIPTION: [noise] zufrieden [garbage]";0;;;;;;;
"1259835818173.txt";"TRANSCRIPTION: Anrufe vom sechs *und* zwanzigsten zehnten null neun vom fünf *und* zwanzigsten elften null neun war die Beratung katastrophal der Service der Telekom in punkto Auskunft über [fragment] über ein Internet Anschluss [breath] hat mich sehr enttäuscht ich überlege die Telekom zu verlassen danke";"d";1;;;;;;
"1259835818368.txt";"TRANSCRIPTION: ich war mit dem Gespräch sehr zufrieden";0;;;;;;;
"1259835938430.txt";"TRANSCRIPTION: sehr liebe Mitarbeiterin sehr freundlich sehr hilfsbereit danke";0;;;;;;;
"1259836058626.txt";"TRANSCRIPTION: weiter";0;;;;;;;
"1259836178826.txt";"TRANSCRIPTION: weiter [pause] weiter [garbage]";0;;;;;;;
"1259836299120.txt";"TRANSCRIPTION: weiter [noise]";0;;;;;;;
"1259836299310.txt";"TRANSCRIPTION: weiter";0;;;;;;;
"1259836299388.txt";"TRANSCRIPTION: weiter";0;;;;;;;
"1259836299429.txt";"TRANSCRIPTION: das Gespräch verlief konstruktiv und auch im Sinne unserer Beschwerde Beschwerde nicht aber unseres Anliegen deswegen fanden wir das äußerst gut";1;;;;;;;
"1259836419468.txt";"TRANSCRIPTION: ich bin mit dem Gespräch sehr zufrieden fühle mich sehr gut betreut";0;;;;;;;
"1259836539736.txt";"TRANSCRIPTION: [fragment] [noise]";0;;;;;;;
"1259836539985.txt";"TRANSCRIPTION: weiter";0;;;;;;;
"1259836660027.txt";"TRANSCRIPTION: [trash]";0;;;;;;;
"1259836660315.txt";"TRANSCRIPTION: schlechte Beratung die Telekom ist sowieso schlecht wir haben @hes@ jeden also folgenden Monat und davor den Monat über fünf hundert Euro gelöhnt wir geben der Telekom quasi nur noch unser ganzes Geld irgendwas stimmt da nicht also ich muss ganz ehrlich sagen Ihre Beratung ist ungenügend eine sechs";"d";4;;;;;;
"1259836780359.txt";"TRANSCRIPTION: einfach (()) verbindet keiner ((kann)) mit mir telefoniert ohne Beratung ((Text)) bekommen das so eine Scheiße ich finde";"a";;;;;;;
"1259836780656.txt";"TRANSCRIPTION: ja ein sehr angenehmer Kundenberater sehr freundlich [vocal] sehr zuvorkommend also ich bin zufrieden";0;;;;;;;
"1259836900787.txt";"TRANSCRIPTION: ja [pause] also [fragment] ich hab' jetzt grad ein Gespräch geführt wegen der Voreinstellung ((weil)) ((ich)) ((die)) Tele zwei und die Tele zwei sagt die Nummer kann man nicht freischalten [fragment] weil sich ((immer)) die Telekom weigert und es handelt sich um die Nummer [tel] und die (()) die Tele zwei kann die nicht freischalten weil einfach *angeblich* die Telekom sich weigert die freizugeben oder frei freischalten zu müssen (()) (()) danke";1;;;;;;;
"1259837021018.txt";"TRANSCRIPTION: weiter [garbage]";0;;;;;;;
"1259837021290.txt";"TRANSCRIPTION: eins";0;;;;;;;
"1259837021393.txt";"TRANSCRIPTION: [fragment] [noise]";0;;;;;;;
"1259837142750.txt";"TRANSCRIPTION: [breath] ich war mit diesem Gespräch für meine Frage sehr zufrieden wurde zur Zufriedenheit beantwortet [breath] dann ist eine riesengroße Freude dass diese Gespräche umsonst sind ich war vorher bei Arcor gewesen das war ein Gräuel da hab' ich ja mehr ausgegeben für [breath] Anfragen an Gebühren als dass ich die Gebühren vertelefoniert habe [breath] also ich bin zufrieden das ich wieder bei Ihnen bin war ja sonst immer Kunde und war jetzt zwei Jahre ausgestiegen bin jetzt wieder hier jetzt können wir weiter [pause] weiter [pause] hallo";0;;;;;;;
"1259837142962.txt";"TRANSCRIPTION: [breath] ich war sehr zufrieden mit der Information und herzlichen Dank [vocal]";0;;;;;;;
"1259837143009.txt";"TRANSCRIPTION: weiter";0;;;;;;;
"1259837263073.txt";"TRANSCRIPTION: ja @hes@ nette Dame am Telefon und hat mir weiter geholfen und @hes@ Service ist okay danke schön [noise]";0;;;;;;;
"1259837263327.txt";"TRANSCRIPTION: der Service hat sich in den letzten ein zwei Jahren spürbar verbessert [breath] vor einigen Jahre war ich mehr als unzufrieden ich bin schon bald wahnsinnig geworden ich hatte soviel Probleme mit der Telekom aber ich hab' Euch trotzdem die Treue gehalten bin [fragment] bei der Stange geblieben und bin jetzt froh dass alles gut läuft Service hat sich spürbar verbessert danke schön";"d";;;;;;;
"1259837263386.txt";"TRANSCRIPTION: [fragment]";0;;;;;;;
"1259837383415.txt";"TRANSCRIPTION: weiter";0;;;;;;;
"1259837743653.txt";"TRANSCRIPTION: das war in Ordnung ich hatte gestern schon mal bei einem Kollegen der Telekom angerufen [breath] @hes@ der war nicht in Ordnung und deswegen wart' ich jetzt auch [breath] weil es ist so unterschiedlich @hes@ mit wem man bei Ihnen spricht und jedes Mal spricht man mit jemand anderem [breath] und das nervt und jedes Mal muss man seine Lebensgeschichte erzählen wenn etwas nicht klappt oder wie auch immer [breath] @hes@ wie gesagt und das das nervt dass man immer es gibt da [fragment] Mitarbeiter die machen das alles ganz toll aber das war gestern wieder einer entweder hatte der keine Ahnung oder [breath] wie auch immer okay [vocal]";"d";;;;;;;
"1259837743903.txt";"TRANSCRIPTION: das Gespräch war vollkommen in Ordnung ich weiß nur noch nicht wie das Ganze so funktioniert das kann ich erst @hes@ nach der Auftrags Ausführung sagen";1;;;;;;;
"1259837863962.txt";"TRANSCRIPTION: Service war sehr gut";0;;;;;;;
"1259837864153.txt";"TRANSCRIPTION: ich war mit *dem* Gespräch sehr zufrieden";0;;;;;;;
"1259837984211.txt";"TRANSCRIPTION: ich hatte soeben mit dem Herrn [nachn] gesprochen [breath] und ich muss [fragment] feststellen oder mitteilen @hes@ dass es eine äußerst gute Beratung war habe ich lange @hes@ nicht bei der Telekom erhalten [breath] sowohl von der inhaltlichen Seite her als auch was Freundlichkeit et cetera anbetrifft wie sagt man so schön im Fernsehen volle Punktzahl vielen Dank";0;;;;;;;
"1259838104474.txt";"TRANSCRIPTION: also ich hab' gesprochen und dann hat man mich weiter verbunden und inzwischen bin ich weg und ich habe eine Reklamation mein [fragment] mein Internet funktioniert überhaupt nicht und die Zugangsdaten stimmen nicht und ich bin einfach abgehängt worden vielleicht ist *es* ein Fehler ich weiß nicht was auf alle Fälle bin ich weg die Dame die mich quer verbinden wollte ich hab' die Nummer nicht jetzt muss ich das ganze Theater noch mal von neu anfangen";"c";3;;;;;;
"1259838224700.txt";"TRANSCRIPTION: weiter";0;;;;;;;
"1259838344959.txt";"TRANSCRIPTION: weiter";0;;;;;;;
"1259838345260.txt";"TRANSCRIPTION: ich habe sehr sehr lange in der Leitung gehangen um zu erfahren warum meine Email Adresse nicht mehr geht nach dem Wechsel von eins und eins zu Ihnen plötzlich erscheint dann diese seltsame Fragerei also das Gespräch wurde Ihrerseits abgebrochen ohnehin ist ja doch wohl ein gesamtes Chaos bei Ihnen in Gange [breath] weil seit sieben Tagen meine Emails und es handelt sich um ein Geschäft nicht mehr erreichbar ist [pause] das war's";"e";1;"a";;;;;
"1259838466588.txt";"TRANSCRIPTION: weiter weiter [noise] sehr nette freundliche kompetente [fragment] @hes@ Bearbeitung und sehr gute Mitarbeiterin sehr nett";0;;;;;;;
"1259838466799.txt";"TRANSCRIPTION: [garbage] also sehr zufrieden weiter [garbage]";0;;;;;;;
"1259838586830.txt";"TRANSCRIPTION: weiter";0;;;;;;;
"1259838707144.txt";"TRANSCRIPTION: [breath] die Mitarbeiterin war zwar freundlich und zuvorkommend die technische Auskunft die sie geben konnte über das @hes@ Bearbeitungssystem war allerdings äußerst mangelhaft @hes@ so dass der Anruf eigentlich überflüssig gewesen wäre aber nicht gerade zum @hes@ zur Zufriedenheit über den Service @hes@ beigetragen hat";"d";;;;;;;
"1259838707389.txt";"TRANSCRIPTION: war mein Geburtstagsgeschenk vielen Dank";0;;;;;;;
"1259838827422.txt";"TRANSCRIPTION: weiter [pause] weiter";0;;;;;;;
"1259838827667.txt";"TRANSCRIPTION: äußerst zufrieden";0;;;;;;;
"1259838827716.txt";"TRANSCRIPTION: die von mir gestellten Fragen wurden [fragment] wurden @hes@ beantwortet  ich habe ((aber)) darauf hingewiesen dass die Kunden (()) aus Dezember beziehungsweise November mit der ich telefoniert habe mir das hätte auch sagen können das hat sie nicht getan aber Frau [nachn] hat alle Fragen beantwortet";"d";;;;;;;
"1259838947789.txt";"TRANSCRIPTION: war sehr sehr freundlich die Frau [nachn] kann Ihnen nur @hes@ gratulieren so *eine* Mitarbeiterin zu haben ja";0;;;;;;;
"1259839068004.txt";"TRANSCRIPTION: weiter";0;;;;;;;
"1259839188269.txt";"TRANSCRIPTION: [breath] ja die Beratung war wunderbar ich bin auch sehr gut durch gekommen und von der Dame sehr gut @hes@ @hes@ informiert worden und das ging alles prima schnell sie hat den Auftrag raus gesucht es also ich bin restlos zufrieden war alles prima alles gut [pause] muss ich noch warten [breath]";1;;;;;;;
"1259839308563.txt";"TRANSCRIPTION: der Service der Telekom ist absolut das letzte und ich möchte [fragment] endlich *eine* Beschwerde los werden aber die Nummer existiert nicht mehr";1;;;;;;;
"1259839428874.txt";"TRANSCRIPTION: [breath] meine Kundenberaterin war @hes@ ausgesprochen freundlich kompetent und @hes@ ja @hes@ war voll [fragment] vollstens hier zufrieden ich hab' @hes@ eigentlich nichts hinzu zu fügen sie hat das sehr professionell gemacht danke";0;;;;;;;
"1259839549112.txt";"TRANSCRIPTION: ja vielen Dank @hes@ ich wurde überhaupt nicht heran genommen ich konnte überhaupt nicht sagen was ich wollte und jetzt darf ich das Ganze noch beurteilen also so was Widersinniges hab' ich lange nicht mehr erlebt vielen Dank an das Telekom Team super [noise]";"a";;;;;;;
"1259839789398.txt";"TRANSCRIPTION: ich war mit Frau [nachn] sehr zufrieden";0;;;;;;;
"1259839789648.txt";"TRANSCRIPTION: ich war sehr zufrieden ich bin gut beraten worden";0;;;;;;;
"1259839789734.txt";"TRANSCRIPTION: ((ich)) ((werd')) nicht mehr";0;;;;;;;
"1259839789823.txt";"TRANSCRIPTION: [noise] [fragment] weiter";0;;;;;;;
"1259839909889.txt";"TRANSCRIPTION: weiter";0;;;;;;;
"1259839910104.txt";"TRANSCRIPTION: bin @hes@ zufrieden gewesen ich bin sofort dran gekommen es hat alles geklappt und die @hes@ Mitarbeiterin war sehr freundlich und somit ist alles zur Zufriedenstellung danke";0;;;;;;;
"1259839910169.txt";"TRANSCRIPTION: [breath] es war ein sehr freundliche Gespräch die Kollegin von Ihnen hat sich sehr zuvorkommend verhalten danke";0;;;;;;;
"1259840150219.txt";"TRANSCRIPTION: [breath] die Dame war sehr kompetent und war sehr freundlich am Telefon sie hat mich sehr gut beraten";0;;;;;;;
"1259840150403.txt";"TRANSCRIPTION: weiter [noise]";0;;;;;;;
"1259840150473.txt";"TRANSCRIPTION: [breath] ja ich hab' soeben mit Ihrem Technik Center einem Herrn [nachn] ich war sehr zufrieden mit dessen Bemühungen mir zu helfen [breath] und er hat mir geholfen also sehr lobenswert Herr [nachn] weiter";0;;;;;;;
"1259840270538.txt";"TRANSCRIPTION: die Mitarbeiterin hat mich ziemlich kühl abgefertigt hat meine Problematik nicht zur Kenntnis genommen und hat anstatt meinem Wunsch entsprechend  mich mit Fachleuten Ihrer Abteilung zu verbinden @hes@ in die Warteschleife gehängt ist eine Frechheit sondersgleichen [breath] kann mich selten erinnern dass ich so dämlich behandelt worden bin von einem Kundenservice Mitarbeiter und *ich* möchte das diese Sache ausgewertet wird [breath]";"d";;;;;;;
"1259840270746.txt";"TRANSCRIPTION: [fragment]";0;;;;;;;
"1259840390781.txt";"TRANSCRIPTION: ja wunderbar das hat mich sehr gut gefallen das war @hes@ hervorragend so wie man gerne bedient werden möchte";0;;;;;;;
"1259840510983.txt";"TRANSCRIPTION: das Gespräch an sich war in Ordnung nur dass man mich bei Seite gelegt hat und nicht @hes@ wieder aufgenommen hat als Gesprächspartner und mir kein Ergebnis mitgeteilt hat da bin ich nicht mit zufrieden alles andere war okay";"c";;;;;;;
"1259840751192.txt";"TRANSCRIPTION: @hes@ ich ich sage einfach weiter und beeilen sie sich hab' keine Zeit mehr";0;;;;;;;
"1259840991421.txt";"TRANSCRIPTION: [fragment] weiter";0;;;;;;;
"1259840991665.txt";"TRANSCRIPTION: ein sehr nettes Gespräch @hes@ kompetente Beratung wusste Bescheid @hes@ hat mir auch bei der Ermittlung meiner Kartennummer über das iPhone sehr gut helfen können @hes@ Tarif Umstellung hat hoffentlich so weit funktioniert @hes@ gab sogar noch *eine* Gesprächs Gutschrift insgesamt bin ich sehr zufrieden";1;;;;;;;
"1259840993063.txt";"TRANSCRIPTION: ja also Ihr Mitarbeiter war sehr @hes@ [fragment] freundlich kundenfreundlich ist auf meine Wünsche eingegangen @hes@ machte einen durchaus kompetenten Eindruck [breath] und ich denke das was ich wissen wollte hab' ich erhalten insgesamt also sehr gut danke schön";0;;;;;;;
"1259841113099.txt";"TRANSCRIPTION: [vocal] ich war mit der Auskunft sehr zufrieden";0;;;;;;;
"1259841233308.txt";"TRANSCRIPTION: ja ich hatte eine Störmeldung abgegeben @hes@ wie weit das ordnungsgemäß ausgeführt worden ist muss ich halt abwarten insofern die Annahme meiner Störungsmeldung war zufrieden stellend";3;;;;;;;
"1259841233582.txt";"TRANSCRIPTION: [breath] sehr kompetent und konnte mir zum Glück weiter helfen wunderbar feine Sache gute Mitarbeiterin [breath] ja sonst gibt's nicht viel drüber zu reden positiv sehr positiv";0;;;;;;;
"1259841233628.txt";"TRANSCRIPTION: [breath] das Gespräch war sehr freundlich die Kollegin allerdings konnte sie mir nicht helfen weil die Tarifvielfalt oder ihr nicht bekannt war oder die möglichen Tarife @hes@ da ungewiss waren";"d";;;;;;;
"1259841473717.txt";"TRANSCRIPTION: ich bin sehr zufrieden mit dem Service jetzt gewesen und @hes@ der Mitarbeiter hat mir gut geholfen danke";0;;;;;;;
"1259841473950.txt";"TRANSCRIPTION: die Dame kann nicht einfach auflegen nachdem *ich* ihr mein Problem geschildert habe *das* ist doch keine Bearbeitung eines Service Centers man kann doch nicht einfach den Kunden weg drücken *das* ist doch ein Ding der Unmöglichkeit die Dame gehört gefeuert";"b";;;;;;;
"1259841593995.txt";"TRANSCRIPTION: [breath] also ich war mit der Auskunft sehr zufrieden der Mann war sehr nett der [fragment] vom Kundendienst und er hat mich auch sehr gut beraten weiter";1;;;;;;;
"1259841594299.txt";"TRANSCRIPTION: Frau [nachn] war sehr kompetent und ich bin mit ihren Auskünften zufrieden gewesen alles in Ordnung";1;;;;;;;
"1259841594429.txt";"TRANSCRIPTION: ich habe gesprochen mit Herrn [nachn] [vorn] [breath] und @hes@ habe eine für mein Empfinden sehr gute Information bekommen [breath] es hatte mir vorher an @hes@ umfassender Information von einem anderen Mitarbeiter gemangelt und das hat der @hes@ Herr [nachn] jetzt ausgeglichen";1;"d";;;;;;
"1259841714534.txt";"TRANSCRIPTION: weiter [pause] weiter [breath]";0;;;;;;;
"1259841714782.txt";"TRANSCRIPTION: weiter [garbage]";0;;;;;;;
"1259841834820.txt";"TRANSCRIPTION: weiter [pause] jetzt weiter";0;;;;;;;
"1259841835027.txt";"TRANSCRIPTION: ja die Frau [nachn] war *eine* sehr kompetente und freundliche Mitarbeiterin";0;;;;;;;
"1259841955107.txt";"TRANSCRIPTION: Mitarbeiter fängt an Angelegenheit zu bearbeiten beendet im Gespräch @hes@ oder im im Bearbeiten das Gespräch und und ja legt einfach auf kann nichts sagen [fragment] sprachlos";"b";;;;;;;
"1259842075357.txt";"TRANSCRIPTION: ich habe erstmal zehn Minuten auf [fragment] ein Gespräch gewartet dann wollte mich die Dame weiter [fragment] weiter verbinden zu Telekom Entertain und die Verbindung ist nicht zustande gekommen ich warte immer noch";"e";"c";;;;;;
"1259842435647.txt";"TRANSCRIPTION: ich warte hier seit zwanzig Minuten dass ich verbunden werde und zwar zum neunten Mal in drei Wochen [breath] es ist zum Kotzen [pause] nichts in unser Telefon ist ständig außer Gefecht und es wird passiert nichts ich bin stinksauer";"e";3;;;;;;
"1259842435901.txt";"TRANSCRIPTION: [breath] der Mitarbeiter war sehr hilfreich Herr [nachn] glaub' ich war sein Name und hat [vocal] das Problem gelöst eigentlich ziemlich schnell ich bin zufrieden Ende";0;;;;;;;
"1259842555968.txt";"TRANSCRIPTION: wir bitten um Rückruf eines kompetenten Partners";"d";;;;;;;
"1259842796175.txt";"TRANSCRIPTION: man hat mich komplett aus der Leitung geschmissen einfach so ohne irgendeinen Kommentar";"a";;;;;;;
"1259843036420.txt";"TRANSCRIPTION: weiter";0;;;;;;;
"1259843036732.txt";"TRANSCRIPTION: weiter [noise]";0;;;;;;;
"1259843276776.txt";"TRANSCRIPTION: weiter";0;;;;;;;
"1259843397011.txt";"TRANSCRIPTION: [vocal] weiter";0;;;;;;;
"1259843397294.txt";"TRANSCRIPTION: [fragment]";0;;;;;;;
"1259843397335.txt";"TRANSCRIPTION: [breath] [fragment] Ihre Mitarbeiterin war äußerst freundlich und hilfsbereit und sehr zuvorkommend und ich hab' mich sehr @hes@ aufgehoben gefühlt";0;;;;;;;
"1259843397426.txt";"TRANSCRIPTION: es war ein nettes Gespräch mir ist geholfen worden kurz und bündig und so soll das immer sein vielen Dank [noise]";0;;;;;;;
"1259843517553.txt";"TRANSCRIPTION: ja ich wurde vom Kundenservice von einer Frau @hes@ sehr abweisend behandelt und @hes@ wollte ihr eigentlich sagen dass ich den Namen für den Anschluss schon durchgegeben hatte wollte ihr auch sagen mit welchem Mitarbeiter ich da gesprochen hatte das wollte sie nicht wissen [breath] ja und kann mich nicht erinnern so schon mal behandelt worden zu sein und von der Seite her bin ich sehr unzufrieden weiter";0;;;;;;;
"1259843517805.txt";"TRANSCRIPTION: ja ich fand das Gespräch eigentlich sehr okay hat mir alle erklärt und damit @hes@ [fragment] weiß ich jetzt alles";0;;;;;;;
"1259843517898.txt";"TRANSCRIPTION: weiter";0;;;;;;;
"1259843517935.txt";"TRANSCRIPTION: weiter [pause] weiter";0;;;;;;;
"1259843637969.txt";"TRANSCRIPTION: weiter weiter [noise]";0;;;;;;;
"1259843638197.txt";"TRANSCRIPTION: weiter";0;;;;;;;
"1259843638229.txt";"TRANSCRIPTION: *weiter* [noise] weiter";0;;;;;;;
"1259843758274.txt";"TRANSCRIPTION: [breath] ich warte auf das Umzugsteam [garbage] Mann diese scheiß Sprachcomputer es ist zum Kotzen [vocal] [garbage]";2;;;;;;;
"1259843758487.txt";"TRANSCRIPTION: ich war sehr zufrieden";0;;;;;;;
"1259843758526.txt";"TRANSCRIPTION: die [fragment] die Beraterin hat mich freundlich bedient und hat mir die entsprechenden Auskünfte erteilt insofern war alles in Ordnung";0;;;;;;;
"1259843758615.txt";"TRANSCRIPTION: ich wollte Ihrer Mitarbeiterin zu einer Rechnung zum Dezember für *den* Dezember einen Hinweise geben @hes@ das Gespräche für Dezember am ersten Dezember berechnet werden und das geht nicht das ist *ein* Formfehler ich kann keine Rechnung für *den* Dezember am ersten ersten stellen [breath] selbst wenn das @hes@ pauschal Festbeträge dann hat sich das @hes@ @hes@ anders zu artikulieren aber sie war aufmüpfig";4;;;;;;;
"1259843878651.txt";"TRANSCRIPTION: weiter";0;;;;;;;
"1259843998875.txt";"TRANSCRIPTION: sehr zufrieden ((langt)) doch";0;;;;;;;
"1259844119078.txt";"TRANSCRIPTION: ja ich bin sehr zufrieden mit mit der Auskunft sehr kompetent sehr freundlich alles was ich eigentlich erwarte ist @hes@ ist @hes@ in Erfüllung gegangen und ich bin als Kunde sehr zufrieden";0;;;;;;;
"1259844119331.txt";"TRANSCRIPTION: ich finde alle Damen sollten so nett sein wie die Frau [nachn] Frau [nachn] denk' ich hieß sie super @hes@ ((höflich)) wirklich ((ganz)) nett danke";0;;;;;;;
"1259844239393.txt";"TRANSCRIPTION: weiter";0;;;;;;;
"1259844359735.txt";"TRANSCRIPTION: [breath] danke schön @hes@ eines vorweg wenn man gerne in dieses Gespräch hineinkommen möchte kriegt man überhaupt keinerlei @hes@ Kontaktierung also das liegt bei daran wenn man eine Meinung abgeben will dann kriegt man [fragment] überhaupt keinen Anschluss dann ist das Gespräch gänzlich weg das erstmal vorweg aber diesmal hat's ja geklappt [breath] und Ihre hiesigen @hes@ Mitarbeiter Mitarbeiterin die ich @hes@ kontaktieren durfte waren sich ihrer Arbeiten durchaus sehr bewusst und haben sich wirklich fleißig angestrengt mir da @hes@ das eine oder andere zu erklären beziehungsweise hinzuweisen was es eventuell sein könnte [breath] was unbedingt nicht mit der Telekom zusammen hängt also sie hat weit über ihren eigentlichen Job @hes@ geraten danke";"a";;;;;;;
"1259844479954.txt";"TRANSCRIPTION: ja @hes@ ich bin ((also)) sehr zufrieden mit der Auskunft @hes@ die ich gekriegt hab' zu der speziellen Frage die ich hatte und jetzt wart' ich mal ab wie die Umschalterei mit dem DSL funktioniert [pause] weiter";1;;;;;;;
"1259844480149.txt";"TRANSCRIPTION: weiter";0;;;;;;;
"1259844600229.txt";"TRANSCRIPTION: ich finde der Herr [nachn] war sehr freundlich und auch kompetent und hat sich bemüht eine Lösung zu finden und hat auch praktisch hier [breath] hat mein Anliegen aufgenommen ich bin sehr zufrieden mit ihm [pause] Ende";0;;;;;;;
"1259844600423.txt";"TRANSCRIPTION: ich bin mit der Beratung sehr zufrieden";0;;;;;;;
"1259844840488.txt";"TRANSCRIPTION: [breath] die Mitarbeiterin hat mich einfach jetzt abgehängt ich @hes@ war @hes@ ich bin unzufrieden mit dem gesamten Gespräch weil sie mich nicht hat ausreden lassen [breath] weil sie mich nicht verstanden hat offensichtlich und jetzt einfach den Hörer eingehängt hat das Gespräch abgebrochen hat mittendrin unverschämt [pause] weiter";"b";;;;;;;
"1259844962060.txt";"TRANSCRIPTION: ja ich @hes@ hatte gerade die Gelegenheit mit Ihrem kompetenten Sachbearbeiter zu sprechen allerdings @hes@ konnte der mir nicht weiter helfen in meinem @hes@ Begehr weil anscheinend die @hes@ *AGB* der Telekom nicht zulassen dass man @hes@ eine Nummer portiert @hes@ und @hes@ den Vertrag zum bis zur Ende der Laufzeit bezahlt [vocal] @hes@ also die Nummer sollte vorher portiert werden das geht anscheinend nicht also deswegen bin ich sehr unzufrieden [breath] ja und @hes@ da müsste man wahrscheinlich die @hes@ Verfahrensweise generell @hes@ ändern das ist kein kundenfreundlicher Service [breath]";1;;;;;;;
"1259845082332.txt";"TRANSCRIPTION: ich will mit jemand sprechen ich will das klären hier mit meiner Rechnung und sonst gar nichts und das ganze (()) und ((Gemach)) was sie da haben das interessiert mich nicht bitte geben Sie mich weiter an jemand mit dem ich sprechen kann";4;;;;;;;
"1259845082540.txt";"TRANSCRIPTION: weiter";0;;;;;;;
"1259845202628.txt";"TRANSCRIPTION: wenn ich mit meinen Kunden so umgehen würde hätt' ich keine mehr";"d";;;;;;;
"1259845202930.txt";"TRANSCRIPTION: total unzufrieden bin ich weil @hes@ mir sollte gestern ein zweiter Anschluss gelegt werden im Haus seit gestern früh geht mein Telefon nicht mehr mein erstes Telefon ich habe nur noch besetzt Zeichen und kann niemanden anrufen kann nicht erreicht werden Computer geht nicht ich habe dann gestern Abend reklamiert ich hab' heute reklamiert jetzt eben wieder reklamiert [breath] @hes@ angeblich kann man immer den Disponenten der Monteure nicht erreichen also für mich völlig unzufriedener Service @hes@ ich bitte das zur Kenntnis zu nehmen danke";3;1;;;;;;
"1259845202977.txt";"TRANSCRIPTION: für mich ist die Telekom das Allerletzte";0;;;;;;;
"1259845323083.txt";"TRANSCRIPTION: [breath] der Herr Kundenberater war überaus freundlich und zuvorkommend [pause] und kompetent [noise]";0;;;;;;;
"1259845323295.txt";"TRANSCRIPTION: die Beratung war sehr gut man kann nur sagen prima die Frau hat sich sehr bemüht kann nur das Beste sagen";0;;;;;;;
"1259845323328.txt";"TRANSCRIPTION: weiter";0;;;;;;;
"1259845323428.txt";"TRANSCRIPTION: [breath] angenehm kurze Wartezeit diesmal was leider nicht immer der Fall ist freundliche Mitarbeiter Problem konnte schnell behoben werden das war's danke";0;;;;;;;
"1259845443467.txt";"TRANSCRIPTION: ja der Mitarbeiter hat so leise [fragment] gesprochen das kein Wort zu verstehen war und dann waren Sie plötzlich dran";"b";;;;;;;
"1259845443676.txt";"TRANSCRIPTION: [fragment] zu äußerst zufrieden";0;;;;;;;
"1259845563718.txt";"TRANSCRIPTION: [breath] also sehr kompetent freundlich hilfsbereit";0;;;;;;;
"1259845563964.txt";"TRANSCRIPTION: [breath] ich bin noch überhaupt nicht bedient worden deshalb kann ich es auch nicht bewerten den Service ich möchte bitte das ich bedient werde";"a";;;;;;;
"1259845924005.txt";"TRANSCRIPTION: @hes@ Auskunft war fachlich gut und ich bin damit zufrieden";0;;;;;;;
"1259846044300.txt";"TRANSCRIPTION: weiter [pause] weiter [pause] weiter [pause] weiter [pause] ja ich bin sehr zufrieden ich hab' ja schon mal *ein* paar *Probleme* gehabt und die sind ganz gut gelöst worden da bedank' ich mich auch für";0;;;;;;;
"1259846164560.txt";"TRANSCRIPTION: [breath] der letzte Kollege war super kompetent hat's ganz schnell auf die Reihe *gekriegt* hat das super durchgegangen [fragment] einwandfrei besser geht's nicht die drei oder vier Anrufe vorher mit den Kollegen waren etwas konfus";"d";;;;;;;
"1259846164783.txt";"TRANSCRIPTION: weiter";0;;;;;;;
"1259846164857.txt";"TRANSCRIPTION: [breath] ja mein Name ist [nachn] ich bin mit dem @hes@ soeben getätigten Anruf unzufrieden all die weil ich der Meinung bin dass @hes@ der Anruf dass die Mitarbeiterin äußerst unflexibel @hes@ letztlich war auch wenn ich @hes@ Wünsche formuliere die nicht in Ihren @hes@ Bestimmungen @hes@ formuliert sind was mir auch nicht einleuchtet aber mir dann zu sagen @hes@ wir können diskutieren bis morgen früh oder wir können jetzt noch hin und her diskutieren das ändert nichts @hes@ ich bin äußerst unzufrieden ich finde @hes@ @hes@ die Art und Weise äußerst *unflexibel* und nicht kundenfreundlich";"d";;;;;;;
"1259846404900.txt";"TRANSCRIPTION: weiter";0;;;;;;;
"1259846645233.txt";"TRANSCRIPTION: [breath] ja ich hab' jetzt innerhalb von fünf Minuten zwei Telefongespräche über die Telekom geführt [breath] @hes@ mit Ihrem Service und beide Male ist das Gespräch unterbrochen worden und ich sage meine Telefonanlage ist nicht in Ordnung ich habe mich darüber seit vier Wochen beschwert und es tut sich nichts";"b";3;;;;;;
"1259846765596.txt";"TRANSCRIPTION: [breath] ich habe mit *einem* sehr netten Mitarbeiter gesprochen bin äußerst zuvorkommend bedient worden und [fragment] freue mich auf den nächsten Anruf danke";0;;;;;;;
"1259846765833.txt";"TRANSCRIPTION: [breath] weiter die Beratung war gut";0;;;;;;;
"1259846765867.txt";"TRANSCRIPTION: weiter [pause] weiter";0;;;;;;;
"1259846885924.txt";"TRANSCRIPTION: weiter";0;;;;;;;
"1259846886145.txt";"TRANSCRIPTION: ja ich war sehr zufrieden sehr freundlich bedient und @hes@ [fragment] mir konnte schnell geholfen werden danke schön";0;;;;;;;
"1259847006179.txt";"TRANSCRIPTION: weiter";0;;;;;;;
"1259847006422.txt";"TRANSCRIPTION: [noise] j @hes@ [vocal] das Problem besteht bei mir durch den Punkt sechzehn @hes@ wo Sie mir vom Konto abgezogen haben [breath] das ich mit diesem Punkt nicht zufrieden bin weil dieses Gerät ist wieder postwendend zurück gegangen [pause] [noise] und vor allen Dingen dass das Geld @hes@ auch @hes@ erst beim nächsten Mal verrechnet wird find' ich nicht ((für)) richtig [noise]";4;1;;;;;;
"1259847126462.txt";"TRANSCRIPTION: weiter [garbage]";0;;;;;;;
"1259847366696.txt";"TRANSCRIPTION: *weiter*";0;;;;;;;
"1259847486898.txt";"TRANSCRIPTION: [fragment]";0;;;;;;;
"1259847487091.txt";"TRANSCRIPTION: weiter";0;;;;;;;
"1259847607123.txt";"TRANSCRIPTION: weiter";0;;;;;;;
"1259847847353.txt";"TRANSCRIPTION: weiter";0;;;;;;;
